kategori;nama_wisata;latitude;longitude;alamat;provinsi;kota_kabupaten;nama_lengkap;path_gambar;deskripsi_bersih;Image_Path;status_validasi;skor_kemiripan;Column1;Column2
air terjun;Air Terjun Coban Rondo;-78847333;1124769702;Coban Rondo, Kabupaten Malang, Jawa Timur, Jawa, 65912, Indonesia;Jawa Timur;Kabupaten Malang;Air Terjun Coban Rondo, Kabupaten Malang, Jawa Timur;gambar_wisata/Air_Terjun_Coban_Rondo;Air Terjun Coban Rondo merupakan salah satu objek wisata alam terkenal di Kabupaten Malang, Jawa Timur. Air terjun ini memiliki ketinggian sekitar 84 meter dan dikelilingi oleh hutan pinus yang membuat suasananya sejuk dan asri. Selain menikmati pemandangan air terjun, pengunjung juga dapat mencoba berbagai aktivitas wisata seperti taman labirin, camping ground, berkuda, dan area bermain keluarga.;https://www.kangamir.com/wp-content/uploads/2019/07/Air-Terjun-Coban-Rondo-Malang-Jatim.jpg;Ragu-ragu;67;;
air terjun;Air Terjun Coban Talun;-78020389;1125170485;Air Terjun Coban Talun, Kota Batu, Jawa Timur, Jawa, 65336, Indonesia;Jawa Timur;Kota Batu;Air Terjun Coban Talun, Kota Batu, Jawa Timur;gambar_wisata/Air_Terjun_Coban_Talun;Air Terjun Coban Talun adalah air terjun setinggi sekitar 50–60 meter di Dusun Wonorejo, Tulungrejo, Bumiaji, Kota Batu, yang alirannya berasal dari Sungai Brantas dan mengalir deras sepanjang tahun. Kawasan ini berada di ketinggian sekitar 950 mdpl, dikelilingi hutan pinus sejuk, dan dilengkapi area camping serta spot foto kekinian di sekitar jalur menuju air terjun.;https://travelspromo.com/wp-content/uploads/2019/05/air-terjun-coban-talun-Hamzah-Saefudin.jpg;Sesuai;100;;
air terjun;Air Terjun Dolo;-78706373;1118354398;Air Terjun Dolo, Mojo, Kabupaten Kediri, Jawa Timur, Jawa, Indonesia;Jawa Timur;Kabupaten Kediri;Air Terjun Dolo, Kabupaten Kediri, Jawa Timur;gambar_wisata/Air_Terjun_Dolo;Air Terjun Dolo adalah salah satu tempat wisata air terjun yang terletak di Dusun Besuki, Desa Jugo, Kecamatan Mojo, Kabupaten Kediri, Jawa Timur. Air terjun ini berada di bagian timur lereng Gunung Wilis (2.850 meter), yang memiliki ketinggian 125 meter dan 1800 meter di atas permukaan laut (dpl). Air terjun ini memiliki aliran air yang jernih dengan suasana lingkungan yang masih alami serta udara yang sejuk. Area wisata ini juga dilengkapi dengan tangga menuju lokasi air terjun, tempat istirahat, serta warung yang melayani kebutuhan pengunjung.;https://asset.kompas.com/crops/vC88pQEIC8sQgBfzkWy6GXCB6Fs=/0x0:1000x667/750x500/data/photo/2024/05/01/6631f5514e9d9.jpg;Sesuai;100;;
air terjun;Air Terjun Tumpak Sewu;-82389311;1129214262;Kawasan Air Terjun Tumpak Sewu, Jagalan, Sidorenggo, Kabupaten Malang, Jawa Timur, Jawa, 67374, Indonesia;Jawa Timur;Kabupaten Malang;Air Terjun Tumpak Sewu, Kabupaten Malang, Jawa Timur;gambar_wisata/Air_Terjun_Tumpak_Sewu;Air Terjun Tumpak Sewu atau disebut juga Coban Sewu adalah sebuah air terjun berketinggian sekitar 120 meter. Air terjun ini  berbatasan dengan  Kabupaten Lumajang dan Kabupaten Malang, Provinsi Jawa Timur. Air terjun ini memiliki bentuk unik menyerupai tirai air raksasa yang mengalir dari tebing setengah lingkaran sehingga sering disebut sebagai Niagara-nya Indonesia. Keindahan panorama alam di sekitarnya membuat tempat ini menjadi destinasi favorit bagi wisatawan dan pecinta fotografi alam.;https://asset.kompas.com/crops/uJEyzMSHoxlQgXHFz5aGyoZazEU=/0x0:1500x1000/750x500/data/photo/2020/10/06/5f7c13e6e9435.jpg;Sesuai;100;;
alun-alun;Alun-Alun Banyuwangi;-82073769;1143759291;Jalan Tawang Alun, Biskalan, Patemon Wetan, Banyuwangi, Temenggungan, Banyuwangi, Jawa Timur, Jawa, 68419, Indonesia;Jawa Timur;Banyuwangi;Alun-Alun Banyuwangi, Banyuwangi, Jawa Timur;gambar_wisata/Alun-Alun_Banyuwangi;lun-Alun Banyuwangi adalah ruang terbuka publik yang terletak di pusat Kota Banyuwangi dan menjadi tempat berkumpul masyarakat maupun wisatawan. Area ini dilengkapi taman hijau yang tertata rapi, jalur pejalan kaki, serta berbagai fasilitas rekreasi. Selain sebagai tempat bersantai, alun-alun ini juga sering digunakan untuk acara budaya, festival daerah, dan berbagai kegiatan masyarakat.;https://cdn.idntimes.com/content-images/community/2023/11/snapinstaapp-20902497-1981414531872296-8924786150955024384-n-1080-b69131d0e63c1e8764173f4db6e9487c-e8f10507647206a7a76666e4c743d8ef_600x400.jpg;Sesuai;100;;
alun-alun;Alun-Alun Blitar;-80981708;1121651758;Alun-Alun Blitar, Kepanjenkidul, Blitar, Jawa Timur, Jawa, Indonesia;Jawa Timur;Blitar;Alun-Alun Blitar, Blitar, Jawa Timur;gambar_wisata/Alun-Alun_Blitar;Alun-alun Blitar adalah ruang publik ikonik di jantung kota, berlokasi di Jalan Merdeka, yang menjadi pusat aktivitas sosial, olahraga, dan pemerintahan sejak era kolonial. Dengan suasana rindang pohon beringin, tempat ini menawarkan fasilitas joging, taman bermain, dan kuliner, serta terhubung langsung dengan Taman Pecut yang artistik di sisi selatan.;https://tempatwisataseru.com/wp-content/uploads/2022/09/Alun-alun-Blitar-e1667099486471.jpg;Sesuai;100;;
alun-alun;Alun-Alun Bojonegoro;-71490935;1118802509;Alun-Alun Bojonegoro, Pakuwon, Bojonegoro, Jawa Timur, Jawa, Indonesia;Jawa Timur;Bojonegoro;Alun-Alun Bojonegoro, Bojonegoro, Jawa Timur;gambar_wisata/Alun-Alun_Bojonegoro;"Alun-alun Bojonegoro adalah sebuah tanah lapang yang berada di pusat Kabupaten Bojonegoro, Jawa Timur. alun-alun ini juga digunakan untuk berbagai kegiatan masyarakat, yaitu; salat Ied, pertandingan voly, konser musik, pertunjukan wayang kulit, dan sebagainya. Di bagian barat alun-alun berdiri Masjid Agung Bojonegoro.";https://www.tripjalanjalan.com/wp-content/uploads/2016/07/alun-alun-bojonegoro.jpg;Sesuai;100;;
alun-alun;Alun-Alun Bondowoso;-79131978;1138224604;Alun-alun Bondowoso, Pegadaian, Bondowoso, Jawa Timur, Jawa, Indonesia;Jawa Timur;Bondowoso;Alun-Alun Bondowoso, Bondowoso, Jawa Timur;gambar_wisata/Alun-Alun_Bondowoso;Alun-Alun Bondowoso merupakan taman kota yang menjadi pusat aktivitas masyarakat di Kabupaten Bondowoso. Area ini memiliki taman yang tertata rapi dengan pepohonan rindang yang memberikan suasana teduh dan nyaman. Tempat ini sering digunakan sebagai lokasi bersantai, berolahraga ringan, serta tempat berkumpul masyarakat.;https://cdn.suaranetwork.com/images/2024/06/15/3a6da7ee6431.jpg;Sesuai;100;;
alun-alun;Alun-Alun Gresik;-71571326;1126560463;alun-alun Gresik, Gresik, Jawa Timur, Jawa, Indonesia;Jawa Timur;Gresik;Alun-Alun Gresik, Gresik, Jawa Timur;gambar_wisata/Alun-Alun_Gresik;Alun-Alun Gresik adalah ruang publik yang berada di pusat Kota Gresik dan menjadi tempat favorit bagi masyarakat untuk bersantai. Taman ini dilengkapi dengan berbagai fasilitas seperti jalur pejalan kaki, area duduk, serta ruang terbuka yang luas. Selain sebagai tempat rekreasi, alun-alun ini juga sering menjadi lokasi berbagai kegiatan sosial dan budaya.;https://salsawisata.com/wp-content/uploads/2022/08/Alun-alun-Gresik.jpg;Sesuai;100;;
alun-alun;Alun-Alun Jember;-81689005;1137021649;Alun alun Jember, Sumber Lor, Jember, Jawa Timur, Jawa, Indonesia;Jawa Timur;Jember;Alun-Alun Jember, Jember, Jawa Timur;gambar_wisata/Alun-Alun_Jember;Alun-Alun Jember merupakan taman kota yang terletak di pusat Kabupaten Jember dan menjadi salah satu ruang publik utama bagi masyarakat. Area ini memiliki taman hijau yang luas serta fasilitas yang mendukung kegiatan rekreasi. Selain sebagai tempat bersantai, alun-alun ini juga sering digunakan untuk berbagai kegiatan masyarakat dan acara daerah.;https://www.nativeindonesia.com/foto/2024/05/foto-di-alun-alun-jember.jpg;Sesuai;100;;
alun-alun;Alun-Alun Kediri;-78265629;1120110595;Alun-Alun Kediri, Kampung Dalem, Kota, Kota Kediri, Jawa Timur, Jawa, Indonesia;Jawa Timur;Kota Kediri;Alun-Alun Kediri, Kota Kediri, Jawa Timur;gambar_wisata/Alun-Alun_Kediri;Alun-Alun Kediri adalah ruang terbuka hijau yang berada di pusat Kota Kediri dan menjadi tempat berkumpul masyarakat. Taman ini memiliki area yang luas dengan pepohonan rindang serta jalur pejalan kaki yang nyaman. Tempat ini sering dimanfaatkan untuk rekreasi keluarga, olahraga ringan, maupun kegiatan sosial masyarakat.;https://superapp.id/blog/wp-content/uploads/2020/10/9-34.jpg;Sesuai;100;;
alun-alun;Alun-Alun Kota Batu;-78711747;1125251687;Parkir Alun-Alun Kota Batu, Jalan RA. Kartini, Pesanggrahan, Kota Batu, Klojen, Jawa Timur, Jawa, 65341, Indonesia;Jawa Timur;Kota Batu;Alun-Alun Kota Batu, Kota Batu, Jawa Timur;gambar_wisata/Alun-Alun_Kota_Batu;Alun-Alun Kota Batu merupakan salah satu ikon wisata di Kota Batu yang terkenal dengan bianglala besar yang menjadi daya tarik utama. Tempat ini memiliki berbagai wahana permainan anak, taman yang indah, serta area kuliner khas daerah. Pada malam hari, suasana alun-alun menjadi semakin menarik dengan lampu hias dan keramaian pengunjung.;https://www.wowkeren.com/display/images/photo/2018/10/17/00228483s1.jpg;Sesuai;100;;
alun-alun;Alun-Alun Kota Malang;-79826135;1126308234;Alun-Alun Malang, Kiduldalem, Kota Malang, Jawa Timur, Jawa, Indonesia;Jawa Timur;Kota Malang;Alun-Alun Kota Malang, Kota Malang, Jawa Timur;gambar_wisata/Alun-Alun_Kota_Malang;Alun-Alun Malang (khususnya Alun-Alun Merdeka) adalah jantung ruang terbuka hijau di pusat Kota Malang yang ikonik dengan suasana asri, pepohonan rindang, dan sejarah kolonial. Tempat ini telah direvitalisasi menjadi tempat wisata modern ramah keluarga dengan air mancur menari, area bermain anak, spot swafoto, dan fasilitas umum yang nyaman, menjadikannya destinasi populer untuk bersantai.;https://www.rumah123.com/seo-cms/assets/Alun_alun_Malang_1_ce9ffeb1ad/Alun_alun_Malang_1_ce9ffeb1ad.jpg;Sesuai;100;;
alun-alun;Alun-Alun Lamongan;-7120213;1124157189;Alun-Alun Lamongan, Lamongan, Jawa Timur, Jawa, Indonesia;Jawa Timur;Lamongan;Alun-Alun Lamongan, Lamongan, Jawa Timur;gambar_wisata/Alun-Alun_Lamongan;Sebuah public space seluas sekitar 4.900 meter persegi ini disediakan pemerintah Lamongan untuk masyarakat umum dengan beberapa fasilitas. Di lokasi ini juga terdapat sebuah pesawat patroli udara yang dijadikan monumen. Pesawat dengan nomor lambung P. 086 N 2255 ini biasanya digunakan masyarat untuk berfoto – foto sebagai background. Pesawat yang sudah tidak beroperasi itu sengaja di jadikan sebagai monumen di Alun Alun Lamongan agar menarik perhatian.;https://ambilcuti.web.id/wp-content/uploads/2023/12/alun-alun-lamongan_compressed.jpg;Sesuai;100;;
alun-alun;Alun-Alun Lumajang;-81352201;1132244432;Alun-Alun Lumajang, Ditotrunan, Lumajang, Jawa Timur, Jawa, Indonesia;Jawa Timur;Lumajang;Alun-Alun Lumajang, Lumajang, Jawa Timur;gambar_wisata/Alun-Alun_Lumajang;Alun-alun Lumajang merupakan pusat ruang terbuka hijau dan ruang terbuka publik sebagai identitas dan ikon Kabupaten Lumajang. sebagai pusat Kota, Alun-alun Lumajang sering dimanfaatkan masyarakat sebagai ruang dan tempat favorit masyarakat untuk melakukan berbagai aktivitas seperti mencari hiburan, melakukan kegiatan yang bersifat rekreatif atau bahkan edukatif. Pasca renovasi, Alun-alun semakin sering dikunjungi oleh warga masyarakat yang berasal dari Lumajang maupun luar kota untuk menikmati pesona indahnya alun-alun Lumajang.;https://www.wowkeren.com/display/images/photo/2018/10/17/00228483s5.jpg;Sesuai;100;;
alun-alun;Alun-Alun Madiun;-76291792;1115168307;Alun-alun Madiun, Pangongangan, Kota Madiun, Jawa Timur, Jawa, Indonesia;Jawa Timur;Kota Madiun;Alun-Alun Madiun, Kota Madiun, Jawa Timur;gambar_wisata/Alun-Alun_Madiun;Alun alun Madiun merupakan pusat aktivitas publik yang telah menjadi bagian tak terpisahkan dari identitas kota sejak lama. Salah satu elemen baru yang mencuri perhatian adalah hadirnya miniatur Monumen Nasional (Monas) yang berdiri tegak di tengah-tengah area. Monas mini ini tidak hanya menjadi simbol persatuan dan kebanggaan, tetapi juga spot foto populer di kalangan anak muda. Selain itu, kamu bisa menjumpai paving 3 dimensi dengan berbagai motif menarik yang membuat pengalaman berjalan kaki di kawasan ini jadi lebih berkesan.;https://www.tiketmasuk.com/wp-content/uploads/2023/09/Alun-Alun-Kota-Madiun-630x380.jpg;Sesuai;100;;
alun-alun;Alun-Alun Mojokerto;-74632394;1124319642;Alun-Alun Mojokerto, Magersari, Kota Mojokerto, Jawa Timur, Jawa, Indonesia;Jawa Timur;Kota Mojokerto;Alun-Alun Mojokerto, Kota Mojokerto, Jawa Timur;gambar_wisata/Alun-Alun_Mojokerto;Alun-alun ini juga memiliki daya Tarik tersendiri karena menonjolkan corak Kerajaan Majapahit dalam arsitektur bangunannya. Diantara hamparan keindahannya terdapat miniatur candi dan gapura yang menggambarkan kebesaran dan keelokan Kerajaan Majapahit. Beberapa pendopo juga tersebar disekitarnya yang dapat digunakan sebagai tempat bersantai bagi pengunjung.;https://cdn.idntimes.com/content-images/community/2023/11/isxs2inrivooscfn0pwzjrsvp0zrptqijwybpjbk-b69131d0e63c1e8764173f4db6e9487c-b9b8c171a76545d75f50cb2a201519f7_600x400.jpg;Sesuai;100;;
alun-alun;Alun-Alun Ngawi;-74036079;1114445975;Alun-Alun Ngawi, Cabean, Sidorejo, Ngawi, Jawa Timur, Jawa, Indonesia;Jawa Timur;Ngawi;Alun-Alun Ngawi, Ngawi, Jawa Timur;gambar_wisata/Alun-Alun_Ngawi;Alun-Alun Ngawi merupakan ruang publik yang terbuka selama 24 jam dan dapat dikunjungi tanpa dipungut biaya tiket masuk. Lokasinya yang strategis pun menjadikannya sangat mudah diakses dari berbagai penjuru kota. Dengan desain bergaya catur gatra, konsep tata ruang khas Jawa yang menggabungkan alun-alun, masjid, pusat pemerintahan, dan lembaga masyarakat dalam satu sumbu simetris. Alun-alun ini bukan hanya indah, tetapi juga sarat filosofi.;https://assets.pikiran-rakyat.com/crop/0x0:0x0/x/photo/2024/05/22/2441707593.jpg;Sesuai;100;;
alun-alun;Alun-Alun Pacitan;-81946928;1111031621;Alun-Alun Pacitan, Pacitan, Jawa Timur, Jawa, Indonesia;Jawa Timur;Pacitan;Alun-Alun Pacitan, Pacitan, Jawa Timur;gambar_wisata/Alun-Alun_Pacitan;Alun-alun Pacitan adalah taman kota yang terletak di pusat Kota Pacitan, Jawa Timur. Taman ini menjadi ikon penting bagi kota Pacitan dan menjadi tempat favorit bagi masyarakat untuk bersantai, bersosialisasi, dan menikmati berbagai kegiatan. Dikelilingi oleh beberapa bangunan penting, seperti Masjid Agung Pacitan, Kantor Bupati Pacitan, dan Gedung DPRD Pacitan, Alun-alun Pacitan tidak hanya menjadi pusat aktivitas masyarakat, tetapi juga pusat administrasi dan keagamaan. Keberadaan bangunan-bangunan ini menambah nilai historis dan fungsional dari alun-alun tersebut.;https://salsawisata.com/wp-content/uploads/2022/10/Alun-alun-Kabupaten-Pacitan.jpg;Sesuai;100;;
alun-alun;Alun-Alun Pasuruan;-76418879;1129066793;Alun-Alun Kota Pasuruan, Bangilan, Kota Pasuruan, Jawa Timur, Jawa, Indonesia;Jawa Timur;Kota Pasuruan;Alun-Alun Pasuruan, Kota Pasuruan, Jawa Timur;gambar_wisata/Alun-Alun_Pasuruan;Alun-alun kota Pasuruan terletak di jantung kota dan pusat keramaian kota Pasuruan. Alun-alun ini berbatasan dengan Masjid Jami’ Al Anwar di sebelah barat. Masjid ini serasa menjadi saksi lahirnya alun-alun kota Pasuruan, karena sudah lebih dulu berdiri sejak 5 abad lalu. Secara geografis, alun-alun kota ini terletak tidak jauh dari Pantai Utara Jawa, sekitar 3Km kearah utara.;https://2.bp.blogspot.com/-4M-v96vjc30/WA8gcG6o3fI/AAAAAAAAEXU/FVtiNxiG_p48mA_iwkzWBJ0oqDM85yL0wCLcB/s1600/alunpasuruan.jpg;Sesuai;100;;
alun-alun;Alun-Alun Ponorogo;-78710476;111462263;Alun-Alun Ponorogo, Ponorogo, Jawa Timur, Jawa, Indonesia;Jawa Timur;Ponorogo;Alun-Alun Ponorogo, Ponorogo, Jawa Timur;gambar_wisata/Alun-Alun_Ponorogo;"Alun-alun ponorogo adalah sebuah tanah lapang yang berada di pusat Kabupaten Ponorogo di mana di keempat sudutnya berdiri beberapa patung singa simbol dari kesenian Reog Ponorogo. Di alun-alun ini sering diadakan pasar malam yaitu setiap menjelang bulan Suro (Muharram) dan hari raya Idul Fitri. Selain pasar malam, alun-alun ini juga digunakan untuk berbagai kegiatan masyarakat, yaitu; salat Ied, pertandingan sepak bola, Festival Nasional Reog Ponorogo, konser musik, pertunjukan wayang kulit, dan sebagainya.";https://travelspromo.com/wp-content/uploads/2021/12/Keindahan-Pendopo-di-Alun-Alun-Ponorogo.jpg;Sesuai;100;;
alun-alun;Alun-Alun Probolinggo;-77441363;1132158448;Alun-Alun Probolinggo, Mayangan, Kota Probolinggo, Jawa Timur, Jawa, Indonesia;Jawa Timur;Kota Probolinggo;Alun-Alun Probolinggo, Kota Probolinggo, Jawa Timur;gambar_wisata/Alun-Alun_Probolinggo;Alun-alun Kota Probolinggo adalah pusat aktivitas sosial, budaya, dan kuliner terpopuler di jantung kota, yang telah direvitalisasi (2025-2026) menjadi ruang publik modern yang rapi, asri, dan ramah keluarga. Menampilkan perpaduan heritage dan modernitas, tempat ini dilengkapi trotoar lebar, lampu taman estetis, wahana bermain, serta menjadi pusat kuliner kaki lima, terutama pada Minggu pagi.;https://www.hargatiket.net/wp-content/uploads/2019/03/Alun-Alun-Probolinggo.jpg;Sesuai;100;;
alun-alun;Alun-Alun Sidoarjo;-74462137;1127178539;Alun-Alun Sidoarjo, Pucanganom, Sidoarjo, Jawa Timur, Jawa, Indonesia;Jawa Timur;Sidoarjo;Alun-Alun Sidoarjo, Sidoarjo, Jawa Timur;gambar_wisata/Alun-Alun_Sidoarjo;Alun-alun Sidoarjo merupakan tempat rekreasi terbuka di pusat kota yang dilengkapi fasilitas taman hijau, patung simbol kota, dan berbagai hiburan seperti seni pertunjukan dan komunitas. Tempat ini strategis untuk berbagai kegiatan masyarakat dan wisatawan dapat menikmati panorama kota menggunakan dokar.;https://storage.googleapis.com/seo-cms/assets/Destinasi_Wisata_di_Sekitar_Alun_Alun_Sidoarjo_47c4323769/Destinasi_Wisata_di_Sekitar_Alun_Alun_Sidoarjo_47c4323769.jpg;Sesuai;100;;
alun-alun;Alun-Alun Situbondo;-77068185;1140054037;Alun-Alun Situbondo, Dawuhan, Situbondo, Jawa Timur, Jawa, Indonesia;Jawa Timur;Situbondo;Alun-Alun Situbondo, Situbondo, Jawa Timur;gambar_wisata/Alun-Alun_Situbondo;Alun-Alun Situbondo adalah ruang publik terbuka yang terletak di pusat kota, tepatnya di Jalan Wijaya Kusuma. Tempat ini telah mengalami beberapa kali revitalisasi dan kini tampil lebih modern, bersih, dan tertata rapi. Keberadaannya menjadi simbol kota dan pusat interaksi sosial masyarakat Situbondo. Setiap harinya, alun-alun ini dipadati oleh warga yang berolahraga, bersantai, atau sekadar menikmati suasana sore hari.;https://www.nativeindonesia.com/foto/2024/07/alun-alun-situbondo.jpg;Sesuai;100;;
alun-alun;Alun-Alun Surabaya;-72500402;112737988;Alon-Alon Contong, Bubutan, Surabaya, Jawa Timur, Jawa, Indonesia;Jawa Timur;Surabaya;Alun-Alun Surabaya, Surabaya, Jawa Timur;gambar_wisata/Alun-Alun_Surabaya;Alun-Alun Surabaya adalah ruang publik ikonik di pusat kota (Jl. Gubernur Suryo) yang diresmikan pada 17 Agustus 2020, menggabungkan nuansa sejarah kolonial Balai Pemuda dengan modernitas. Fitur utamanya adalah area bawah tanah (basement) untuk pameran seni dan skatepark, serta area outdoor yang asri, menjadikannya destinasi wisata gratis yang estetik.;https://cdn.idntimes.com/content-images/post/20240715/snapinstaapp-308321470-1147357899538176-671662406574190619-n-1080-afc37bacf82bf543e8c13d1dda041deb.jpg;Sesuai;76;;
alun-alun;Alun-Alun Trenggalek;-80491348;1117092032;Alun-Alun Trenggalek, Trenggalek, Jawa Timur, Jawa, Indonesia;Jawa Timur;Trenggalek;Alun-Alun Trenggalek, Trenggalek, Jawa Timur;gambar_wisata/Alun-Alun_Trenggalek;Wisata Alun Alun Kota di Trenggalek adalah tempat wisata di Trenggalek, Jawa Timur yang memiliki keindahan alam dan fasilitas untuk menghabiskan waktu luang. Tempat ini cocok dikunjungi bersama keluarga atau teman karena memiliki udara segar dan pemandangan yang indah.;https://4.bp.blogspot.com/-dLachhQNBYs/WBwWb2wCmmI/AAAAAAAAF4E/tg20deMrjDAAspLjZzMDVDZGZ_IAHJVvACLcB/s1600/alun1.jpg;Sesuai;100;;
bukit;Bukit Cinta;-79145615;1129390159;Bukit Cinta, Pasuruan, Jawa Timur, Jawa, 67254, Indonesia;Jawa Timur;Pasuruan;Bukit Cinta, Pasuruan, Jawa Timur;gambar_wisata/Bukit_Cinta;Bukit Cinta Bromo adalah salah satu destinasi wisata yang menawarkan pemandangan alam yang sangat indah dan memukau. Dari puncak bukit, pengunjung bisa menikmati keindahan panorama alam sekitar yang luar biasa, terutama saat matahari terbit. Bukit ini juga menjadi tempat yang sangat populer bagi para fotografer, baik pemula maupun profesional, untuk mengabadikan momen indah sunrise gunung bromo.;https://portalwisata.co.id/wp-content/uploads/2019/07/bukit-cinta-pamekasan-madura.jpg;Sesuai;100;;
bukit;Bukit Jamur;-70426224;1125667217;Bukit Jamur Gresik, Sukowati, Gresik, Jawa Timur, Jawa, Indonesia;Jawa Timur;Gresik;Bukit Jamur, Gresik, Jawa Timur;gambar_wisata/Bukit_Jamur;Bukit Jamur berada di Kabupaten Gresik dan dikenal karena formasi batu kapur yang bentuknya menyerupai jamur raksasa. Batu-batu tersebut terbentuk dari proses penambangan kapur yang kemudian mengalami erosi sehingga menghasilkan bentuk yang unik. Karena keunikan tersebut, tempat ini menjadi lokasi favorit wisatawan untuk fotografi.;https://i.pinimg.com/originals/5d/7e/15/5d7e151e65a8f3f04748507461f5be66.jpg;Sesuai;100;;
bukit;Bukit Kapur Arosbaya;-69474419;1128593068;Bukit Kapur Arosbaya, Jalan K.H. Zainal Alimin, Karang Pao, Bangkalan, Jawa Timur, Jawa, 69151, Indonesia;Jawa Timur;Bangkalan;Bukit Kapur Arosbaya, Bangkalan, Jawa Timur;gambar_wisata/Bukit_Kapur_Arosbaya;Bukit Kapur Arosbaya merupakan bekas area penambangan kapur yang kini menjadi objek wisata unik di Bangkalan, Madura. Tebing-tebing kapur berwarna cokelat keemasan dengan pahatan alami dan buatan manusia menciptakan pemandangan yang eksotis. Banyak wisatawan datang ke tempat ini untuk berburu foto karena bentuk tebingnya yang dramatis dan berbeda dari wisata alam pada umumnya.;http://www.dakatour.com/wp-content/uploads/2019/12/bukit-pelalangan-arosbaya-kabupaten-bangkalan-jawa-timur.jpg;Sesuai;100;;
bukit;Bukit Kuneer Malang;-78133895;1126339012;Bukit Kuneer, Jalur Pendakian Gunung Arjuno via Lawang, Kabupaten Malang, Jawa Timur, Jawa, Indonesia;Jawa Timur;Kabupaten Malang;Bukit Kuneer Malang, Kabupaten Malang, Jawa Timur;gambar_wisata/Bukit_Kuneer_Malang;Bukit Kuneer adalah area bukit di dalam Kebun Teh Wonosari, Kabupaten Malang, yang menawarkan pemandangan hamparan kebun teh hijau dengan latar Gunung Arjuno. Dari puncak bukit ini pengunjung dapat menikmati suasana sejuk, sunrise maupun sunset, serta berfoto di jalur-jalur di antara tanaman teh yang tertata rapi.;https://www.gresiksatu.com/wp-content/uploads/2024/05/bukit-kuneer-malang.jpg;Sesuai;100;;
candi;Candi Badut;-79578365;1125985999;Candi Badut, Jalan Esberg VE 5, Kota Malang, Jawa Timur, Jawa, 65112, Indonesia;Jawa Timur;Kota Malang;Candi Badut, Kota Malang, Jawa Timur;gambar_wisata/Candi_Badut;Candi Badut di kawasan Tidar, Kota Malang, adalah salah satu candi tertua di Jawa Timur dan merupakan candi Hindu peninggalan Kerajaan Kanjuruhan abad ke‑8. Bangunannya tunggal dengan tinggi sekitar 7 meter, menyimpan lingga‑yoni di ruang utama, serta punya ukiran kepala raksasa kalamakara di ambang pintu yang menjadi ciri khas dan spot foto unik.;https://panduanwisata.b-cdn.net/wp-content/uploads/2023/01/Candi-Badut-Malang.jpg;Sesuai;100;;
candi;Candi Bajang Ratu;-75677817;1123986624;Candi Bajang Ratu, Jalan Jayanegara 01, Trowulan, Mojokerto, Jawa Timur, Jawa, 61362, Indonesia;Jawa Timur;Trowulan;Candi Bajang Ratu, Trowulan, Jawa Timur;gambar_wisata/Candi_Bajang_Ratu;Candi Bajang Ratu di Desa Temon, Trowulan, Mojokerto, adalah gapura paduraksa bata merah setinggi sekitar 16,5 meter yang diperkirakan dibangun pada abad ke‑14 masa Majapahit. Menurut kajian arkeologi, gapura ini diduga menjadi pintu masuk bangunan suci peringatan wafat Raja Jayanegara, sehingga penting dikunjungi untuk melihat kemegahan arsitektur gerbang kerajaan.;https://keluyuran.com/wp-content/uploads/2020/06/Candi-Bajang-Ratu-Copy.jpg;Sesuai;100;;
candi;Candi Belahan;-76075227;1126513504;Candi Petirtaan Belahan, Penanggungan via Kunjorowesi, Pasuruan, Jawa Timur, Jawa, 61375, Indonesia;Jawa Timur;Pasuruan;Candi Belahan, Pasuruan, Jawa Timur;gambar_wisata/Candi_Belahan;Candi Belahan adalah situs petirtaan kuno di Desa Wonosunyo, Gempol, Pasuruan, yang berada di lereng Gunung Penanggungan. Petirtaan ini diyakini berkaitan dengan Prabu Airlangga dan menampilkan pancuran dari arca dewi, sehingga suasananya terasa sakral sekaligus segar karena air pegunungan yang jernih.;https://indonesiakaya.com/wp-content/uploads/2020/10/3__IMG_4808_Candi_ini_dibangun_sebagai_petirtaan_tempat_pertapaan_Prabu_Airlangga_beserta_kedua_permaisurinya_Dewi_Laksmi_dan_Dewi_Sri.jpg;Sesuai;100;;
candi;Candi Brahu;-75428461;1123743975;Candi Brahu, Jalan Raden Wijaya, Kejagan, Trowulan, Mojokerto, Jawa Timur, Jawa, 61362, Indonesia;Jawa Timur;Kejagan;Candi Brahu, Kejagan, Jawa Timur;gambar_wisata/Candi_Brahu;Candi Brahu di kawasan Trowulan, Mojokerto, adalah candi bata merah bercorak Buddha yang diperkirakan lebih tua dari banyak candi lain di area bekas ibu kota Majapahit. Bentuknya besar memanjang dengan teras bertingkat, dan menurut beberapa sumber diduga pernah digunakan sebagai tempat upacara kremasi atau keagamaan penting kerajaan.;https://ksmtour.com/media/images/articles26/candi-brahu-mojokerto-jawa-timur.jpg;Sesuai;100;;
candi;Candi Gunung Gangsir;-75866825;1127333068;Candi Gununggangsir, Jalan Wicaksono, Winong, Pasuruan, Jawa Timur, Jawa, 67154, Indonesia;Jawa Timur;Pasuruan;Candi Gunung Gangsir, Pasuruan, Jawa Timur;gambar_wisata/Candi_Gunung_Gangsir;Candi Gunung Gangsir terletak di Kecamatan Beji, Pasuruan, dan terkenal karena bentuknya yang unik: tubuh candi besar dengan atap melengkung menyerupai puncak gunung. Kaki candi berdenah sekitar 15 × 15 meter dengan tinggi bangunan ±15 meter, dilengkapi relung-relung dan hiasan relief halus, menjadikannya menarik bagi pecinta arsitektur klasik Jawa Timur.;https://ontrip.pasuruankab.go.id/uploads/tempat_galeri/candi-gunung-gangsir-2.jpg;Ragu-ragu;40;;
candi;Candi Jago;-80057895;1127640934;Candi Jago, Jalan Raya Tumpang, Malangsuko, Tumpang, Kabupaten Malang, Jawa Timur, Jawa, 65156, Indonesia;Jawa Timur;Kabupaten Malang;Candi Jago, Kabupaten Malang, Jawa Timur;gambar_wisata/Candi_Jago;Candi Jago di Tumpang, Kabupaten Malang, adalah candi peninggalan Kerajaan Singhasari yang dalam naskah kuno disebut “Jajaghu”, dibangun sebagai tempat pendharmaan Raja Wisnuwardhana. Candi ini terkenal dengan relief cerita moral dan keagamaan yang memenuhi dindingnya, sehingga cocok dikunjungi wisatawan yang ingin menikmati seni relief sekaligus mempelajari kisah-kisah klasik Nusantara.;http://www.donisetyawan.com/wp-content/uploads/2020/01/candi-jago.jpg;Sesuai;100;;
candi;Candi Jawi;-76624877;112669879;Candi Jawi, Jalan Raya Prigen, Prigen, Pasuruan, Jawa Timur, Jawa, 67161, Indonesia;Jawa Timur;Pasuruan;Candi Jawi, Pasuruan, Jawa Timur;gambar_wisata/Candi_Jawi;Candi Jawi adalah candi Hindu–Buddha peninggalan Kerajaan Singhasari abad ke-13 yang berdiri di Desa Candi Wates, Prigen, Pasuruan, tepat di kaki Gunung Welirang. Arsitekturnya ramping menjulang dengan kombinasi batu andesit dan bata merah, dikelilingi kolam dan taman, sehingga cocok untuk wisata sejarah, foto, sekaligus menikmati udara pegunungan yang sejuk.;https://1.bp.blogspot.com/-Fjfj7wGcPuw/WGI1R3seK3I/AAAAAAAAEIA/d-qhbDZS4EoQdz5CI7-QPz3c48-479rjQCLcB/s1600/candi%2Bjawi.jpg;Sesuai;100;;
candi;Candi Kidal;-80258552;1127090269;Candi Kidal, Jalan Raya Kidal, Jeding, Kidal, Kabupaten Malang, Jawa Timur, Jawa, 65156, Indonesia;Jawa Timur;Kabupaten Malang;Candi Kidal, Kabupaten Malang, Jawa Timur;gambar_wisata/Candi_Kidal;Candi Kidal berada di Desa Kidal, Kabupaten Malang, dan dibangun sebagai tempat pendharmaan Raja Anusapati, raja kedua Singhasari. Bangunannya yang tidak terlalu besar menyimpan relief Garuda yang terkenal, sehingga menarik dikunjungi untuk mengenal simbol-simbol keagamaan dan gaya arsitektur khas Singhasari.;http://sejarahbudayanusantara.weebly.com/uploads/1/4/2/9/14296470/9205725_orig.jpg;Sesuai;100;;
candi;Candi Penataran;-80161052;1122092511;Candi Penataran, Jalan Insinyur Soekarno, Kedawung, Blitar, Jawa Timur, Jawa, 66181, Indonesia;Jawa Timur;Blitar;Candi Penataran, Blitar, Jawa Timur;gambar_wisata/Candi_Penataran;Candi Penataran (Candi Palah) adalah kompleks candi Hindu Siwaitis terbesar di Jawa Timur, terletak di Desa Penataran, Nglegok, Blitar, pada ketinggian sekitar 450 mdpl di lereng barat daya Gunung Kelud. Kompleks luas ini berisi candi utama dan beberapa bangunan pendukung dengan relief kisah epos, menjadikannya lokasi penting untuk memahami agama, politik, dan seni Majapahit.;https://www.gotravelaindonesia.com/wp-content/uploads/candi-penataran.jpg;Sesuai;100;;
candi;Candi Singosari;-78877283;1126638852;Candi Singosari, Jalan Kertanegara, Rogonoto, Candirenggo, Kabupaten Malang, Jawa Timur, Jawa, 65153, Indonesia;Jawa Timur;Kabupaten Malang;Candi Singosari, Kabupaten Malang, Jawa Timur;gambar_wisata/Candi_Singosari;Candi Singosari terletak di Kecamatan Singosari, Kabupaten Malang, dan berkaitan erat dengan pusat Kerajaan Singhasari yang pernah berjaya di daerah ini. Posisi candinya di tepi jalur utama Surabaya–Malang membuatnya mudah diakses, sehingga banyak dikunjungi wisatawan yang ingin melihat langsung peninggalan kerajaan sambil melanjutkan perjalanan ke Malang atau Batu.;https://jejakpiknik.com/wp-content/uploads/2017/10/@yovi_507.jpg;Sesuai;100;;
candi;Candi Sumberawan;-78553522;1126448149;Kompleks Candi Sumberawan, Jalan Wisnu Wardhana, Pondokcandirenggoasri, Candirenggo, Kabupaten Malang, Jawa Timur, Jawa, 65153, Indonesia;Jawa Timur;Kabupaten Malang;Candi Sumberawan, Kabupaten Malang, Jawa Timur;gambar_wisata/Candi_Sumberawan;Candi Sumberawan berada di Desa Toyomarto, Singosari, sekitar 6 km dari Candi Singosari, dan merupakan candi berbentuk stupa tunggal yang diduga berhubungan dengan tradisi Buddha. Letaknya dekat sumber air dan dikelilingi pepohonan serta perbukitan, sehingga cocok dikunjungi untuk merasakan suasana tempat suci yang tenang di tengah alam.;https://ksmtour.com/media/images/articles21/candi-sumberawan-jawa-timur.jpg;Sesuai;100;;
candi;Candi Tegowangi;-77349327;112161192;Candi Tegowangi, Jalan Dahlia, Puhjarak, Plemahan, Kabupaten Kediri, Jawa Timur, Jawa, 64155, Indonesia;Jawa Timur;Kabupaten Kediri;Candi Tegowangi, Kabupaten Kediri, Jawa Timur;gambar_wisata/Candi_Tegowangi;Candi Tegowangi di Desa Tegowangi, Plemahan, Kabupaten Kediri, merupakan candi batu andesit peninggalan Majapahit yang menurut Pararaton menjadi tempat pendharmaan Bhre Matahun. Relief Sudamala yang terukir di dinding-dindingnya menggambarkan tema penyucian dan penebusan, sehingga menarik untuk pengunjung yang ingin mempelajari makna cerita di balik seni relief candi.;https://i2.wp.com/www.tempatwisata.pro/media/uploads/3088/0a2de0bd725900535dea95c956b33873.jpg;Sesuai;100;;
candi;Candi Tikus;-75716315;1124035216;Candi Tikus, Jalan Raya Gemekan-Gondang, Domas, Trowulan, Mojokerto, Jawa Timur, Jawa, 61362, Indonesia;Jawa Timur;Mojokerto;Candi Tikus, Mojokerto, Jawa Timur;gambar_wisata/Candi_Tikus;Candi Tikus terletak di Dukuh Dinuk, Desa Temon, Trowulan, Mojokerto, dan berbentuk kolam petirtaan berundak yang diduga digunakan sebagai pemandian suci pada masa Majapahit. Nama “Tikus” muncul karena ketika ditemukan kembali, situs ini dipenuhi sarang tikus, sementara secara arkeologis tempat ini memberi gambaran penting tentang teknologi pengelolaan air kerajaan.;http://1.bp.blogspot.com/-33_XXjyU5NI/VQlql7EpgaI/AAAAAAAAADE/h-vy-XsoOlw/s1600/CANDI%2BTIKUS.jpg;Sesuai;100;;
candi;Candi Wringin Lawang;-75419685;1123909512;Candi Wringin Lawang, Jalan Raya Trowulan, Jatipasar, Trowulan, Mojokerto, Jawa Timur, Jawa, 61362, Indonesia;Jawa Timur;Mojokerto;Candi Wringin Lawang, Mojokerto, Jawa Timur;gambar_wisata/Candi_Wringin_Lawang;Candi Wringin Lawang di Jatipasar, Trowulan, adalah gapura bata merah raksasa bergaya candi bentar yang diperkirakan berasal dari abad ke-14 masa Majapahit. Struktur gerbang belah ini kemungkinan menjadi pintu masuk ke kompleks penting kerajaan dan kini menjadi salah satu titik referensi utama untuk memahami tata ruang istana Majapahit.;https://pariwisata.mojokertokab.go.id/storage/01HKVN770HCNZ3X56HEKHDPBA3.jpg;Sesuai;100;;
gunung;Gunung Arjuno;-82219;1127795;Gunung Arjuno, Bumirejo, Kabupaten Malang, Jawa Timur, Jawa, 65181, Indonesia;Jawa Timur;Kabupaten Malang;Gunung Arjuno, Kabupaten Malang, Jawa Timur;gambar_wisata/Gunung_Arjuno;Gunung Arjuno adalah gunung berapi istirahat setinggi sekitar 3.339 meter di atas permukaan laut yang berada di perbatasan Batu, Malang, dan Pasuruan. Jalur pendakiannya lewat hutan dan punggungan panjang dengan view pegunungan luas di puncak, cocok buat kamu yang suka trek menantang tapi masih “masuk akal” untuk weekend hiking.;https://getlost.id/wp-content/uploads/2021/09/@satyawinnie-1068x1335.jpg;Sesuai;100;;
gunung;Gunung Bromo;-79420691;1129529769;Gunung Bromo, Road to Bromo, Cemoro Lawang, Probolinggo, Jawa Timur, Jawa, 67254, Indonesia;Jawa Timur;Probolinggo;Gunung Bromo, Probolinggo, Jawa Timur;gambar_wisata/Gunung_Bromo;Gunung Bromo adalah gunung berapi aktif dengan ketinggian sekitar 2.614 mdpl yang terkenal dengan kawah berasap dan lautan pasirnya. Sunrise di Bromo menyajikan siluet gunung dan lautan awan yang ikonik, dan karena aksesnya banyak dibantu jeep, kamu bisa menikmati suasana gunung tanpa harus mendaki berat.;http://anekatempatwisata.com/wp-content/uploads/2014/03/Gunung-Bromo.jpg;Sesuai;100;;
gunung;Gunung Ijen;-80579332;1142430975;Gunung Ijen, Banyuwangi, Jawa Timur, Jawa, Indonesia;Jawa Timur;Banyuwangi;Gunung Ijen, Banyuwangi, Jawa Timur;gambar_wisata/Gunung_Ijen;Gunung Ijen memiliki puncak sekitar 2.799 mdpl dengan kaldera besar dan danau kawah hijau kebiruan yang menakjubkan. Di sini kamu bisa menyaksikan fenomena api biru pada waktu tertentu dan melihat langsung aktivitas penambang belerang tradisional di sekitar kawah.;https://www.nadiamurad.org/wp-content/uploads/2022/11/Gunung-Ijen.jpg;Sesuai;100;;
gunung;Gunung Kelud;-79389217;1123052492;Gunung Kelud, Blitar, Jawa Timur, Jawa, Indonesia;Jawa Timur;Blitar;Gunung Kelud, Blitar, Jawa Timur;gambar_wisata/Gunung_Kelud;Gunung Kelud adalah gunung berapi aktif dengan ketinggian sekitar 1.731 mdpl yang terkenal karena kawah danau dan sejarah letusan besarnya. Akses jalan yang sudah bagus membuatmu bisa menikmati panorama tebing curam dan kawah dari gardu pandang tanpa pendakian panjang.;https://2.bp.blogspot.com/-l9N8gxXZqbI/WV_4nwiJ-AI/AAAAAAAAAIM/Grk0JBRpEbUsqBhPM4wQtX9UswPaC38VACLcBGAs/s1600/gardu_pandang13.jpg;Sesuai;100;;
gunung;Gunung Raung;-8119636;114055025;Gunung Raung, Bondowoso, Jawa Timur, Jawa, Indonesia;Jawa Timur;Bondowoso;Gunung Raung, Bondowoso, Jawa Timur;gambar_wisata/Gunung_Raung;Gunung Raung menjulang sekitar 3.332 mdpl dengan kaldera sangat lebar dan dalam di puncaknya. Jalur pendakiannya termasuk salah satu yang paling menantang di Jawa, dengan punggungan sempit yang menyajikan panorama dramatis bagi pendaki berpengalaman.;https://asset.kompas.com/crops/ycROJwgXI01GKqTVqlVvhVr8D94=/0x0:1200x800/750x500/data/photo/2021/08/12/6114b66424be7.jpg;Sesuai;100;;
gunung;Gunung Semeru;-81078426;11292248;Gunung Semeru, Lumajang, Jawa Timur, Jawa, Indonesia;Jawa Timur;Lumajang;Gunung Semeru, Lumajang, Jawa Timur;gambar_wisata/Gunung_Semeru;Gunung Semeru, dengan puncak Mahameru setinggi 3.676 mdpl, adalah gunung tertinggi di Pulau Jawa. Jalur pendakiannya menawarkan paket lengkap: danau Ranu Kumbolo, padang Oro‑Oro Ombo, sampai puncak yang rutin mengeluarkan semburan asap, jadi benar-benar destinasi “wajib” buat pendaki serius.;http://anekatempatwisata.com/wp-content/uploads/2014/12/Gunung-Semeru-4.jpg;Sesuai;100;;
gunung;Gunung Welirang;-77326;1125747;Gunung Welirang, Pacet, Mojokerto, Jawa Timur, Jawa, Indonesia;Jawa Timur;Mojokerto;Gunung Welirang, Mojokerto, Jawa Timur;gambar_wisata/Gunung_Welirang;Gunung Welirang memiliki ketinggian sekitar 3.156 mdpl dan dikenal sebagai gunung belerang aktif dengan kawah berasap. Pendakian ke Welirang memberi pengalaman melihat penambangan belerang tradisional di ketinggian sekaligus bisa digabung dengan summit Arjuno dalam satu trip.;https://gunung.id/wp-content/uploads/2018/12/gunung-welirang.jpg;Sesuai;100;;
gunung;Gunung Wilis;-7820585;1117571632;Gunung Wilis, Ponorogo, Jawa Timur, Jawa, Indonesia;Jawa Timur;Ponorogo;Gunung Wilis, Ponorogo, Jawa Timur;gambar_wisata/Gunung_Wilis;Gunung Wilis atau Pegunungan Wilis memiliki puncak tertinggi Trogati dengan ketinggian sekitar 2.563 mdpl. Kawasan pegunungannya masih relatif sepi wisatawan, penuh air terjun dan spot camping, cocok buat kamu yang cari suasana alam tenang jauh dari keramaian.;https://is3.cloudhost.id/img-kbrt/2023/10/6_rekomendasi-wisata-gunung-wilis-jawa-timur-ada-air-terjun-dan-tempat-kemah.jpg;Sesuai;100;;
kebun binatang;Kebun Binatang Surabaya;-72957723;1127358105;Kebun Binatang Surabaya, 1, Jalan Setail, RW 05, Darmo, Wonokromo, Surabaya, Jawa Timur, Jawa, 60421, Indonesia;Jawa Timur;Surabaya;Kebun Binatang Surabaya, Surabaya, Jawa Timur;gambar_wisata/Kebun_Binatang_Surabaya;Kebun Binatang Surabaya (KBS) adalah kebun binatang bersejarah di pusat Kota Surabaya yang pernah dikenal sebagai salah satu yang terlengkap di Asia Tenggara, dengan lebih dari 230 spesies satwa dan ribuan individu. Selain rekreasi keluarga, KBS berfungsi sebagai sarana edukasi dan konservasi, karena pengunjung dapat mempelajari satwa asli Indonesia maupun mancanegara dalam satu kawasan luas.;https://storage.googleapis.com/seo-cms/assets/large_Lokasi_dan_Rute_ke_Kebun_Binatang_Surabaya_b6696e9143/large_Lokasi_dan_Rute_ke_Kebun_Binatang_Surabaya_b6696e9143.jpg;Sesuai;100;;
mall;Galaxy Mall Surabaya;-72764017;1127804951;Galaxy Mall, Jalan Dharma Husada Indah II, RW 09, Mulyorejo, Surabaya, Jawa Timur, Jawa, 60115, Indonesia;Jawa Timur;Surabaya;Galaxy Mall Surabaya, Surabaya, Jawa Timur;gambar_wisata/Galaxy_Mall_Surabaya;Galaxy Mall Surabaya adalah pusat perbelanjaan besar di kawasan timur kota yang terletak di koridor Dharmahusada Indah. Mal ini menampung beragam tenant fashion, elektronik, kuliner, dan hiburan, sehingga menjadi salah satu destinasi utama untuk belanja dan hangout di Surabaya timur.;https://dynamic-media-cdn.tripadvisor.com/media/photo-o/13/2d/a4/9b/inside-mall.jpg;Sesuai;100;;
mall;Pakuwon Mall Surabaya;-728906;1126756078;Pakuwon Mall, Jalan Mayor Jenderal Jonosewojo, Pakuwon Indah, Babatan, Wiyung, Surabaya, Jawa Timur, Jawa, 60123, Indonesia;Jawa Timur;Surabaya;Pakuwon Mall Surabaya, Surabaya, Jawa Timur;gambar_wisata/Pakuwon_Mall_Surabaya;Pakuwon Mall Surabaya, sebelumnya Supermal Pakuwon Indah, merupakan salah satu mal terbesar di Indonesia dengan area sewa sangat luas dan terintegrasi dengan Pakuwon Trade Center. Kompleks ini menggabungkan pusat belanja, area kuliner, pusat elektronik, apartemen, dan hotel, menjadikannya hub gaya hidup dan bisnis di Surabaya barat.;https://asset.kompas.com/crops/lhfL9suHAQGca9R-7y4grsg2gmg=/186x0:1806x1080/750x500/data/photo/2021/12/05/61ac5f23d81c5.jpg;Sesuai;100;;
mall;Royal Plaza Surabaya;-73091349;1127342835;Royal Plaza, 16-18, Jalan Jenderal Achmad Yani, RW 04, Wonokromo, Surabaya, Jawa Timur, Jawa, 60231, Indonesia;Jawa Timur;Surabaya;Royal Plaza Surabaya, Surabaya, Jawa Timur;gambar_wisata/Royal_Plaza_Surabaya;Royal Plaza Surabaya adalah mal yang berlokasi di koridor Jalan Ahmad Yani dan dikenal dengan tenant fashion, kuliner, serta pusat oleh-oleh dan kebutuhan sehari-hari. Posisi strategis dan harga yang relatif ramah membuatnya banyak dikunjungi keluarga, pelajar, dan mahasiswa di kawasan selatan kota.;https://salsawisata.com/wp-content/uploads/2023/02/Royal-Plaza-Surabaya.jpg;Sesuai;100;;
mall;Tunjungan Plaza Surabaya;-72623869;112739006;Tunjungan Plaza, Jalan Mergoyoso, RW 10, Kedungdoro, Tegalsari, Surabaya, Jawa Timur, Jawa, 60011, Indonesia;Jawa Timur;Surabaya;Tunjungan Plaza Surabaya, Surabaya, Jawa Timur;gambar_wisata/Tunjungan_Plaza_Surabaya;Tunjungan Plaza (TP) adalah kompleks mal yang menjadi ikon belanja Kota Surabaya sejak dibuka pada 1986 dan terus berkembang menjadi beberapa blok modern. Terletak di jantung kota dekat kawasan heritage Jalan Tunjungan, TP menawarkan ratusan tenant lokal dan internasional, bioskop, serta area makan yang ramai sepanjang hari.;https://s3.bukalapak.com/bukalapak-kontenz-production/content_attachments/32018/original/shutterstock_1039357051_2.jpg;Sesuai;100;;
monumen;Monumen Kapal Selam;-7265434;1127503063;Monumen Kapal Selam, 39, Jalan Pemuda, RW 05, Embong Kaliasin, Genteng, Surabaya, Jawa Timur, Jawa, 60272, Indonesia;Jawa Timur;Surabaya;Monumen Kapal Selam, Surabaya, Jawa Timur;gambar_wisata/Monumen_Kapal_Selam;Monumen Kapal Selam (Monkasel) adalah museum maritim di pusat Surabaya yang memamerkan KRI Pasopati 410, kapal selam buatan Uni Soviet yang pernah bertugas di TNI AL. Pengunjung dapat masuk ke dalam kapal untuk melihat ruang kendali, ruang torpedo, dan area awak, sehingga mendapat gambaran langsung tentang kehidupan di kapal selam militer.;https://ksmtour.com/media/images/articles23/monumen-kapal-selam-surabaya-jawa-timur.jpg;Sesuai;100;;
monumen;Monumen Tugu Pahlawan;-72454453;1127378996;UPTD Monumen Tugu Pahlawan Dan Museum Sepuluh Nopember, Jalan Pahlawan, RW 01, Alon-Alon Contong, Bubutan, Surabaya, Jawa Timur, Jawa, 60174, Indonesia;Jawa Timur;Surabaya;Monumen Tugu Pahlawan, Surabaya, Jawa Timur;gambar_wisata/Monumen_Tugu_Pahlawan;Tugu Pahlawan adalah monumen setinggi sekitar 41,15 meter berbentuk lingga terbalik yang menjadi landmark utama Kota Surabaya. Monumen ini dibangun untuk mengenang pertempuran 10 November 1945 dan dilengkapi Museum Sepuluh Nopember di bawahnya, yang berisi diorama, arsip, dan rekaman perjuangan arek-arek Suroboyo.;https://asset.kompas.com/crops/zmZM8alsgkaCHDZyd3kOtJtlFgU=/0x0:1500x1000/750x500/data/photo/2022/10/04/633c1abb9449e.jpg;Sesuai;100;;
museum;Museum Angkut Batu;-7878829;1125201389;Museum Angkut, Jalan Terusan Sultan Agung, Pesanggrahan, Kota Batu, Jawa Timur, Jawa, 65314, Indonesia;Jawa Timur;Kota Batu;Museum Angkut Batu, Kota Batu, Jawa Timur;gambar_wisata/Museum_Angkut_Batu;Museum Angkut di Kota Batu adalah museum transportasi pertama di Asia Tenggara, berdiri di lahan hampir 4 hektar dan menampilkan lebih dari 300 kendaraan dari berbagai zaman. Zona tematik seperti area Eropa, Hollywood, dan Gangster Town dikemas seperti set film, sehingga pengunjung bisa belajar sejarah transportasi sambil berfoto di latar ala kota-kota dunia.;https://asset-2.tstatic.net/travel/foto/bank/images/Gangster-Town-di-Museum-Angkut.jpg;Sesuai;100;;
museum;Museum Majapahit;-75600584;1123805254;Museum Majapahit Trowulan, Jalan Jayanegara 01, Trowulan, Mojokerto, Jawa Timur, Jawa, 61362, Indonesia;Jawa Timur;Trowulan;Museum Majapahit, Trowulan, Jawa Timur;gambar_wisata/Museum_Majapahit;Museum Majapahit atau Museum Trowulan adalah museum arkeologi di Trowulan, Mojokerto, yang fokus menyimpan artefak terkait Kerajaan Majapahit. Koleksinya berupa arca, keramik, fragmen bangunan, dan prasasti yang membantu rekonstruksi kehidupan sosial, ekonomi, dan keagamaan di bekas ibu kota kerajaan.;https://i.pinimg.com/originals/4a/ab/4e/4aab4e820665a27ba2af44e5d105a493.jpg;Sesuai;100;;
museum;Museum Musik Indonesia Malang;-79882707;1126265568;Museum Musik Indonesia, Jalan Nusa Kambangan No. 19, Jalan Nusa Kambangan, Kasin, Kota Malang, Jawa Timur, Jawa, 65117, Indonesia;Jawa Timur;Kota Malang;Museum Musik Indonesia Malang, Kota Malang, Jawa Timur;gambar_wisata/Museum_Musik_Indonesia_Malang;Museum Musik Indonesia di Malang adalah museum berbasis komunitas yang mengarsipkan perjalanan musik Indonesia melalui koleksi piringan hitam, kaset, CD, poster, dan dokumentasi lainnya. Tempat ini juga aktif mengadakan pameran dan diskusi, sehingga berfungsi sebagai pusat literasi musik sekaligus ruang pertemuan pencinta musik lintas generasi.;https://www.starjogja.com/assets/2023/03/800px-Gedung_Kesenian_Gajayana_-_Museum_Musik_Indonesia-800x400.jpg;Sesuai;100;;
museum;Museum Pendidikan Indonesia;-80344195;11264949;Museum Pendidikan Indonesia Kota Malang, Jl. Raya Tlogowaru, Tlogowaru, Kec. Kedungkandang, Kota Malang, Jawa Timur, Jalan Tlogowaru, RW.04, KEL. TLOGOWARU, KOTA MALANG, Tlogowaru, Kota Malang, Jawa Timur, Jawa, 65133, Indonesia;Jawa Timur;Kota Malang;Museum Pendidikan Indonesia, Kota Malang, Jawa Timur;gambar_wisata/Museum_Pendidikan_Indonesia;Museum Pendidikan Indonesia di Malang menampilkan perkembangan sistem pendidikan Indonesia dari masa praaksara, klasik, kolonial, hingga modern. Pengunjung dapat melihat diorama ruang kelas berbagai periode, alat peraga lama, dan dokumen kebijakan yang menunjukkan perubahan cara kita belajar dari waktu ke waktu.;https://www.dejava.net/dejogja/wp-content/uploads/2023/02/Museum-Pendidikan-Indonesia.jpg;Sesuai;100;;
museum;Museum Trinil Ngawi;-73743213;111357806;Museum Trinil Ngawi, Jalan Raya Solo - Ngawi, Sukosari, Gemarang, Ngawi, Jawa Timur, Jawa, Indonesia;Jawa Timur;Ngawi;Museum Trinil Ngawi, Ngawi, Jawa Timur;gambar_wisata/Museum_Trinil_Ngawi;Museum Trinil di Ngawi adalah museum fosil yang lahir dari penelitian Eugene Dubois di akhir abad ke-19 di tepi Bengawan Solo. Di sini tersimpan koleksi fosil manusia purba dan hewan prasejarah, termasuk temuan penting terkait Pithecanthropus erectus, sehingga menjadi destinasi utama untuk wisata edukasi evolusi dan geologi.;https://tempatwisataunik.com/wp-content/uploads/2016/02/Museum-Trinil.jpg;Sesuai;100;;
pantai;Pantai Balekambang;-84030438;1125364708;Pantai Balekambang Malang, Jalan Balaikambang, Balaikambang, Kabupaten Malang, Jawa Timur, Jawa, 65179, Indonesia;Jawa Timur;Kabupaten Malang;Pantai Balekambang, Kabupaten Malang, Jawa Timur;gambar_wisata/Pantai_Balekambang;Pantai Balekambang di Bantur, Malang Selatan, terkenal dengan pasir putih panjang dan pura Amarta Jati di atas Pulau Ismoyo yang terhubung jembatan, mirip Tanah Lot versi Jawa Timur. Akses jalannya sudah beraspal dan fasilitasnya lengkap—toilet, mushola, warung makan, penginapan, area camping, hingga gazebo—jadi kamu bisa nyaman main air, foto-foto, atau menikmati sunset tanpa khawatir fasilitas.;http://anekatempatwisata.com/wp-content/uploads/2014/03/Pantai-Balekambang.jpg;Sesuai;100;;
pantai;Pantai Bandealit;-84817059;1137107356;Pantai Bandealit, Kebonpantai, Jember, Jawa Timur, Jawa, Indonesia;Jawa Timur;Jember;Pantai Bandealit, Jember, Jawa Timur;gambar_wisata/Pantai_Bandealit;"Pantai Bandealit berada di Desa Andongrejo, Tempurejo, Kabupaten Jember, sebagai bagian dari Taman Nasional Meru Betiri, jadi suasananya masih sangat alami dan jauh dari keramaian. Pantai berpasir cokelat halus dengan ombak relatif tenang ini dikelilingi perbukitan hijau dan hutan mangrove; kamu bisa camping, naik perahu, memancing, sampai beli ikan segar langsung dari nelayan.";https://nativeindonesia.com/wp-content/uploads/2024/03/pantai-bandealit.jpg;Sesuai;100;;
pantai;Pantai Bentar;-77800155;1132762115;Pantai Bentar, Probolinggo, Jawa Timur, Jawa, Indonesia;Jawa Timur;Probolinggo;Pantai Bentar, Probolinggo, Jawa Timur;gambar_wisata/Pantai_Bentar;Pantai Bentar berlokasi di Desa Curahsawo, Gending, Probolinggo, tepat di jalur Pantura sehingga mudah diakses sebagai tempat singgah maupun tujuan utama liburan. Ikonnya adalah dermaga kayu panjang yang instagramable menghadap Laut Jawa, dengan view Gunung Argopuro dan Gili Ketapang di kejauhan, ditambah fasilitas parkir luas, gazebo, warung makan, dan wahana seperti “Keranjang Sultan” untuk menikmati panorama pantai dari ketinggian.;https://cdn-image.hipwee.com/wp-content/uploads/2019/04/hipwee-Pantai-bentar-probolinggo.jpg;Sesuai;100;;
pantai;Pantai Boom;-82067756;1143837475;Pantai Boom, Krajan, Banyuwangi, Kampungmandar, Banyuwangi, Jawa Timur, Jawa, 68419, Indonesia;Jawa Timur;Banyuwangi;Pantai Boom, Banyuwangi, Jawa Timur;gambar_wisata/Pantai_Boom;Terletak di Banyuwangi, tepatnya di kawasan Krajan, Kampungmandar, Pantai Boom adalah salah satu ikon wisata bahari Banyuwangi. Pantai ini menawarkan pemandangan laut yang luas dengan dermaga bersejarah yang menambah nilai estetika dan budaya. Pengunjung dapat menikmati suasana santai, memancing, atau berjalan di sepanjang dermaga sambil menikmati angin laut yang sejuk. Selain itu, Pantai Boom juga menjadi titik awal kegiatan wisata perahu menuju pulau-pulau kecil di sekitar teluk, sehingga menjadi destinasi yang cocok untuk eksplorasi dan bersantai bersama keluarga.;https://www.gresiksatu.com/wp-content/uploads/2024/05/pantai-boom-banyuwangi-05.jpg;Sesuai;100;;
pantai;Pantai Klayar;-82246926;1109484172;Pantai Klayar, Pacitan, Jawa Timur, Jawa, Indonesia;Jawa Timur;Pacitan;Pantai Klayar, Pacitan, Jawa Timur;gambar_wisata/Pantai_Klayar;Pantai Klayar terletak di Pacitan, Pantai Klayar terkenal dengan keindahan alamnya yang menakjubkan dan unik. Ombaknya yang menggulung di tebing-tebing karang, pasir putih yang bersih, dan formasi batuan khas menyerupai “miniatur” geyser alami membuat pantai ini menjadi destinasi favorit bagi pecinta fotografi dan wisata alam. Suasana pantai yang asri dan angin laut yang sejuk menjadikannya tempat ideal untuk bersantai, berjalan-jalan, atau sekadar menikmati panorama laut lepas yang menenangkan.;https://anekatempatwisata.com/wp-content/uploads/2015/09/Pantai-Klayar-Pacitan.jpg;Sesuai;100;;
pantai;Pantai Pelang;-82587216;1114248831;Pantai Pelang, Trenggalek, Jawa Timur, Jawa, 66364, Indonesia;Jawa Timur;Trenggalek;Pantai Pelang, Trenggalek, Jawa Timur;gambar_wisata/Pantai_Pelang;Pantai Pelang di Desa Wonocoyo, Panggul, Trenggalek, menawarkan kombinasi unik berupa hamparan pasir putih, air terjun setinggi sekitar 25 meter yang mengalir langsung ke area pantai, serta goa alami di sekitarnya. Ombaknya besar khas Samudra Hindia, namun tersedia kolam-kolam alami yang lebih tenang untuk bermain air, menjadikannya destinasi favorit bagi pencari panorama laut dan petualangan ringan.;https://ksmtour.com/media/images/articles26/Pantai-pelang-trenggalek-jawa-timur.jpg;Sesuai;100;;
pantai;Pantai Plengkung;-87314822;1143494883;Pantai Plengkung, G-Land, Banyuwangi, Jawa Timur, Jawa, Indonesia;Jawa Timur;Banyuwangi;Pantai Plengkung, Banyuwangi, Jawa Timur;gambar_wisata/Pantai_Plengkung;Pantai Plengkung, atau lebih dikenal dengan nama G-Land  adalah surga bagi peselancar dunia. Pantai ini terletak dalam kawasan Taman Nasional Alas Purwo, Kabupaten Banyuwangi, Jawa Timur. Pantai ini terkenal dengan ombaknya yang legendaris dan menantang, sehingga sering dijadikan lokasi kompetisi selancar internasional. Selain menjadi destinasi olahraga air, Pantai Plengkung juga menawarkan pemandangan alam yang spektakuler: tebing tinggi, hutan tropis di sekitarnya, dan garis pantai yang panjang dengan pasir putih yang eksotis. Tempat ini cocok bagi pecinta alam, petualang, maupun wisatawan yang ingin menikmati keindahan pantai yang masih alami dan jarang tersentuh.;https://ksmtour.com/media/images/articles24/pantai-plengkung-banyuwangi-jawa-timur.jpg;Sesuai;100;;
pantai;Pantai Popoh;-82494031;1118087741;Jalan Pantai Popoh, Tulungagung, Jawa Timur, Jawa, Indonesia;Jawa Timur;Tulungagung;Pantai Popoh, Tulungagung, Jawa Timur;gambar_wisata/Pantai_Popoh;Pantai Popoh menawarkan pesona alam yang memikat dengan hamparan pasir cokelat keemasan dan ombak yang tenang. Pantai ini cocok untuk bersantai, bermain pasir, atau menikmati sunset yang menawan. Lingkungan sekitar yang masih asri dan udara laut yang sejuk menjadikan Pantai Popoh tempat ideal untuk piknik keluarga maupun kegiatan fotografi. Selain itu, lokasi ini juga mudah dijangkau sehingga populer di kalangan wisatawan lokal dan pengunjung dari luar kota.;https://3.bp.blogspot.com/-WnRlJOV4um0/VO_fBssdogI/AAAAAAAAF9k/lYmmIyjNU38/s1600/wisata%2Bpantai%2Beksotik.jpg;Sesuai;100;;
pantai;Pantai Rajegwesi;-85594036;1139360312;Pantai Rajegwesi, Rajegwesi, Banyuwangi, Jawa Timur, Jawa, Indonesia;Jawa Timur;Banyuwangi;Pantai Rajegwesi, Banyuwangi, Jawa Timur;gambar_wisata/Pantai_Rajegwesi;Pantai Rajegwesi menawarkan keindahan alam yang masih alami dan suasana yang tenang jauh dari keramaian kota. Pantai ini memiliki pasir putih yang lembut, air laut jernih, serta pemandangan hutan hijau di sekitarnya, menciptakan panorama yang menyejukkan mata. Rajegwesi juga menjadi titik awal trekking menuju beberapa pantai tersembunyi di sepanjang garis pantai selatan Banyuwangi, sehingga cocok bagi wisatawan yang mencari petualangan sekaligus relaksasi. Aktivitas populer di sini termasuk berenang, berjemur, fotografi, dan menikmati panorama laut yang memukau saat matahari terbit maupun terbenam.;https://ksmtour.com/media/images/articles11/pantai-rajegwesi-banyuwangi-jawa-timur.jpg;Sesuai;100;;
pantai;Pantai Soge;-82475592;1112634287;Pantai Soge, Pacitan, Jawa Timur, Jawa, 63572, Indonesia;Jawa Timur;Pacitan;Pantai Soge, Pacitan, Jawa Timur;gambar_wisata/Pantai_Soge;Pantai Soge di Pacitan berada di jalur lintas selatan Jawa dan dikenal dengan garis pantai panjang berpasir putih halus serta air laut biru kehijauan yang masih relatif alami. Ombaknya tidak terlalu besar sehingga cukup aman untuk berenang dan bermain air;https://ksmtour.com/media/images/articles21/pantai-soge-pacitan-jawa-timur.jpg;Sesuai;100;;
pantai;Pantai Tambakrejo;-83159075;1121444142;Pantai Tambakrejo, Jalan Pantai, Tambakrejo, Blitar, Jawa Timur, Jawa, Indonesia;Jawa Timur;Blitar;Pantai Tambakrejo, Blitar, Jawa Timur;gambar_wisata/Pantai_Tambakrejo;Pantai Tambakrejo menawarkan pesona alam pantai yang tenang dengan hamparan pasir yang luas dan air laut yang sejuk. Pantai ini cocok untuk bersantai, berjalan di tepi pantai, atau menikmati panorama matahari terbenam yang memukau. Lingkungan sekitar yang asri dan suasana yang relatif sepi menjadikan Pantai Tambakrejo pilihan ideal untuk wisata keluarga maupun bagi mereka yang ingin melepas penat dari kesibukan sehari-hari. Aktivitas populer lainnya termasuk memancing, berfoto, dan menikmati kuliner lokal dari warung sekitar pantai.;https://ksmtour.com/media/images/articles26/Pantai-Tambakrejo-Blitar-Jawa-Timur.jpg;Sesuai;100;;
pantai;Pantai Teleng Ria;-82211573;1110788703;Pantai Teleng Ria, Pacitan, Jawa Timur, Jawa, Indonesia;Jawa Timur;Pacitan;Pantai Teleng Ria, Pacitan, Jawa Timur;gambar_wisata/Pantai_Teleng_Ria;Pantai Teleng Ria adalah salah satu pantai populer di Pacitan yang menawarkan pasir putih yang luas dan ombak yang bersahabat, cocok untuk berenang maupun bersantai di tepi pantai. Area pantai ini juga dilengkapi dengan fasilitas wisata seperti taman, area bermain, dan tempat makan, sehingga ideal untuk keluarga dan pengunjung dari berbagai usia. Panorama matahari terbit dan terbenam di Pantai Teleng Ria memberikan pengalaman menenangkan dan sempurna untuk relaksasi sambil menikmati suasana laut yang sejuk. ;https://ksmtour.com/media/images/articles26/PantaiTelengRiaPacitanJawaTimur.jpg;Sesuai;100;;
pantai;Pantai Watu Karung;-82402291;1109828998;Pantai Kasap, Watu Karung, Pacitan, Jawa Timur, Jawa, Indonesia;Jawa Timur;Pacitan;Pantai Watu Karung, Pacitan, Jawa Timur;gambar_wisata/Pantai_Watu_Karung;Pantai Watu Karung terkenal dengan ombaknya yang menantang dan pemandangan alam yang menakjubkan, menjadikannya destinasi favorit para peselancar. Selain berselancar, pantai ini juga cocok untuk trekking ringan, menikmati sunset, dan fotografi alam dengan latar tebing dan laut lepas. Suasana yang masih alami dan relatif sepi membuat Watu Karung ideal bagi wisatawan yang ingin merasakan keindahan pantai yang jarang tersentuh dan jauh dari keramaian. ;https://i.ytimg.com/vi/7vZtg-vi2Ec/maxresdefault.jpg;Sesuai;100;;
taman;Taman Nasional Alas Purwo;-86135534;1143981629;Taman Nasional Alas Purwo, Banyuwangi, Jawa Timur, Jawa, Indonesia;Jawa Timur;Banyuwangi;Taman Nasional Alas Purwo, Banyuwangi, Jawa Timur;gambar_wisata/Taman_Nasional_Alas_Purwo;Taman Nasional Alas Purwo di ujung timur Banyuwangi adalah “hutan purba” seluas sekitar 43 ribu hektare yang menyatukan hutan hujan tropis, savana Sadengan, hutan bambu, mangrove, dan deretan pantai berpasir putih. Di sini kamu bisa safari alam melihat banteng Jawa dan satwa liar lain di savana, trekking di hutan lebat, menyaksikan penyu bertelur di Pantai Ngagelan, hingga surfing kelas dunia di Pantai Plengkung (G‑Land) yang terkenal dengan ombak bertingkatnya. Selain itu, terdapat Pura Luhur Giri Salaka dan beberapa goa yang sering digunakan untuk meditasi, membuat Alas Purwo punya nuansa perpaduan antara wisata alam, konservasi, dan spiritual yang khas Jawa Timur.;https://asset-a.grid.id/crop/0x0:0x0/700x465/photo/2021/01/21/113045287.jpg;Sesuai;100;;
taman;Taman Nasional Baluran;-78363697;1143808459;Taman Nasional Baluran, Situbondo, Banyuwangi, Jawa Timur, Jawa, Indonesia;Jawa Timur;Situbondo;Taman Nasional Baluran, Situbondo, Jawa Timur;gambar_wisata/Taman_Nasional_Baluran;Taman Nasional Baluran adalah salah satu taman nasional di Indonesia yang terletak di wilayah Banyuputih, Situbondo, Jawa Timur, Indonesia. Namanya diambil dari nama gunung yang berada di daerah ini, yaitu Gunung Baluran.;https://jnewsonline.com/wp-content/uploads/2024/07/taman-nasional-baluran.jpg;Sesuai;100;;
taman;Taman Nasional Bromo Tengger Semeru;-80254422;112949168;Taman Nasional Bromo Tengger Semeru, Kabupaten Malang, Jawa Timur, Jawa, 67254, Indonesia;Jawa Timur;Kabupaten Malang;Taman Nasional Bromo Tengger Semeru, Kabupaten Malang, Jawa Timur;gambar_wisata/Taman_Nasional_Bromo_Tengger_Semeru;Taman Nasional Bromo Tengger Semeru adalah destinasi ikonik bagi pecinta alam dan petualangan. Taman nasional ini terkenal dengan Gunung Bromo yang berasap, Gunung Semeru sebagai puncak tertinggi Jawa, serta padang pasir luas di Lautan Pasir Tengger. Wisatawan dapat menikmati panorama matahari terbit yang menakjubkan, trekking menantang, dan eksplorasi budaya Suku Tengger yang tinggal di sekitar kawasan. Kombinasi gunung, savana, kawah, dan budaya membuat tempat ini menjadi salah satu tujuan wisata alam paling spektakuler di Indonesia.;https://wisata-bromo.com/wp-content/uploads/2012/04/Taman-Nasional-Bromo-Tengger-Semeru-Jawa-Timur-1.jpg;Sesuai;100;;
taman;Taman Nasional Meru Betiri;-84606063;11385749;Taman Nasional Meru Betiri, Banyuwangi, Jawa Timur, Jawa, Indonesia;Jawa Timur;Banyuwangi;Taman Nasional Meru Betiri, Banyuwangi, Jawa Timur;gambar_wisata/Taman_Nasional_Meru_Betiri;Taman Nasional Meru Betiri di perbatasan Jember–Banyuwangi adalah kawasan konservasi seluas sekitar 65–66 ribu hektar yang menggabungkan hutan hujan tropis, pegunungan hingga ±1.200 mdpl, dan garis pantai selatan yang masih sangat alami. Di sini kamu bisa trekking di hutan lebat, menyusuri pantai-pantai “perawan” seperti Rajegwesi dan Teluk Hijau (Green Bay), serta berpetualang ke Pantai Sukamade untuk menyaksikan penyu bertelur dan ikut melepas tukik ke laut di unit konservasi resmi. Kawasan ini juga menjadi habitat penting berbagai flora-fauna langka seperti penyu, elang, dan beberapa jenis kucing liar, sehingga Meru Betiri cocok untuk wisata alam serius yang menggabungkan petualangan, fotografi alam, dan edukasi konservasi.;https://ksmtour.com/media/images/articles25/taman-nasional-meru-betiri-banyuwangi-jawa-timur.jpg;Sesuai;100;;
wahana keluarga;Batu Night Spectacular;-78964168;1125345322;Batu Night Spectacular BNS, Jalan Raya Oro-Oro Ombo, Oro-oro Ombo, Kota Batu, Klojen, Jawa Timur, Jawa, 65316, Indonesia;Jawa Timur;Kota Batu;Batu Night Spectacular, Kota Batu, Jawa Timur;gambar_wisata/Batu_Night_Spectacular;Batu Night Spectacular adalah destinasi hiburan malam yang cocok untuk keluarga dan anak-anak. Wahana ini menawarkan berbagai atraksi seru; termasuk permainan lampu warna-warni; taman bermain; rumah hantu; dan wahana ekstrem bagi pengunjung yang menyukai tantangan. Suasana malam yang hidup dengan lampu-lampu gemerlap menciptakan pengalaman yang unik dan menyenangkan; sementara area kuliner menyediakan berbagai hidangan lokal dan internasional. BNS menjadi pilihan ideal untuk rekreasi keluarga sambil menikmati hiburan malam yang aman dan penuh keseruan.
wahana keluarga;Batu Secret Zoo;-78881687;112529164;Batu Secret Zoo, Drun Store Pohon Inn, Oro-oro Ombo, Kota Batu, Klojen, Jawa Timur, Jawa, 65316, Indonesia;Jawa Timur;Kota Batu;Batu Secret Zoo, Kota Batu, Jawa Timur;gambar_wisata/Batu_Secret_Zoo;Batu Secret Zoo adalah taman satwa modern yang cocok untuk keluarga dan anak-anak. Tempat ini menampilkan koleksi berbagai hewan dari seluruh dunia dalam habitat yang dirancang menyerupai lingkungan asli mereka. Pengunjung dapat berinteraksi dengan beberapa hewan, menikmati pertunjukan edukatif, dan menjelajahi zona-tematik yang menarik. Selain sebagai destinasi edukasi, Batu Secret Zoo juga menawarkan area bermain dan fasilitas nyaman, menjadikannya pengalaman liburan yang menyenangkan, aman, dan mendidik bagi seluruh anggota keluarga. ;https://www.itrip.id/wp-content/uploads/2020/12/Daya-Tarik-Batu-Secret-Zoo-1.jpg;Sesuai;100;;
wahana keluarga;Taman Remaja Surabaya;-7252909;1127519455;Taman Remaja Surabaya, RW 04, Tambaksari, Surabaya, Jawa Timur, Jawa, Indonesia;Jawa Timur;Surabaya;Taman Remaja Surabaya, Surabaya, Jawa Timur;gambar_wisata/Taman_Remaja_Surabaya;Taman Remaja adalah taman kota yang populer sebagai destinasi hiburan dan rekreasi bagi remaja, keluarga, dan masyarakat umum. Taman ini dilengkapi dengan berbagai wahana permainan, arena olahraga, area kuliner, serta fasilitas hiburan seperti panggung pertunjukan dan tempat nongkrong yang nyaman. Suasana yang ramai, hijau, dan penuh aktivitas menjadikan Taman Remaja Surabaya tempat ideal untuk bersantai, berkumpul bersama teman atau keluarga, sekaligus menikmati hiburan yang seru di tengah kota.;https://www.hargatiket.net/wp-content/uploads/2020/01/Taman-Remaja-Surabaya.jpg;Sesuai;100;;
wisata alam;Goa Gong;-81650433;1109800128;Goa Gong, Pule, Bomo, Pacitan, Jawa Timur, Jawa, Indonesia;Jawa Timur;Pacitan;Goa Gong, Pacitan, Jawa Timur;gambar_wisata/Goa_Gong;Goa Gong adalah salah satu gua paling terkenal di Indonesia karena keindahan stalaktit dan stalagmitnya yang menakjubkan. Goa ini dinamai “Gong” karena ketika bagian tertentu dari stalaktit dipukul, terdengar bunyi seperti gong. Suasana gua yang sejuk dan pencahayaan yang menawan menjadikan pengalaman menjelajahi Goa Gong tak terlupakan. Tempat ini cocok bagi wisatawan yang menyukai petualangan, fotografi, dan eksplorasi alam bawah tanah yang unik.;https://totabuan.news/wp-content/uploads/2020/01/Goa-Gong-Pacitan.jpg;Sesuai;100;;
wisata alam;Goa Pandawa;-7852614;1125010005;Wisata Goa Pandawa, Sumberejo, Kota Batu, Jawa Timur, Jawa, 65312, Indonesia;Jawa Timur;Kota Batu;Goa Pandawa, Kota Batu, Jawa Timur;gambar_wisata/Goa_Pandawa;Goa Pandawa menawarkan pengalaman wisata yang unik dengan gua-gua alami yang menawan. Tempat ini cocok untuk petualangan keluarga dan pengunjung yang ingin menjelajahi keindahan alam bawah tanah. Pengunjung dapat menikmati stalaktit dan stalagmit yang memukau serta suasana gua yang sejuk dan eksotis. Goa Pandawa menjadi destinasi ideal bagi pecinta alam;https://4.bp.blogspot.com/-dKj-UmgQ2CQ/WdCnr70vHEI/AAAAAAAADxw/zmwAcG-6qwkN7HywoMBeoKFsM_PAR7bjQCLcBGAs/s1600/goapandawa.jpg;Sesuai;100;;
wisata alam;Kawah Ijen;-80579203;1142417131;Kawah Ijen, Bondowoso, Jawa Timur, Jawa, Indonesia;Jawa Timur;Bondowoso;Kawah Ijen, Bondowoso, Jawa Timur;gambar_wisata/Kawah_Ijen;kawah Ijen adalah destinasi alam yang terkenal dengan fenomena blue fire atau api biru yang langka, serta kawahnya yang berwarna hijau kebiruan. Gunung berapi ini menawarkan pengalaman trekking menantang dengan pemandangan kawah dan danau belerang yang spektakuler. Wisatawan dapat menyaksikan aktivitas penambangan belerang tradisional yang unik dan mengambil foto panorama alam yang menakjubkan. Kawah Ijen menjadi destinasi favorit bagi pecinta petualangan, fotografi, dan wisata alam yang ingin merasakan pengalaman berbeda di Jawa Timur.;http://anekatempatwisata.com/wp-content/uploads/2014/11/Kawah-Ijen-5.jpg;Sesuai;100;;
wisata alam;Suramadu Bridge;-71842763;1127803027;Jembatan Suramadu, Jalan Haji Mohammad Noer, RW 02, Tambak Wedi, Kenjeran, Pangpong, Bangkalan, Jawa Timur, Jawa, 60126, Indonesia;Jawa Timur;Bangkalan;Suramadu Bridge, Bangkalan, Jawa Timur;gambar_wisata/Suramadu_Bridge;Jembatan Nasional Suramadu adalah jembatan kabel pancang sepanjang sekitar 5.438 meter yang membentang di atas Selat Madura, menghubungkan Kota Surabaya di Pulau Jawa dengan Kabupaten Bangkalan di Pulau Madura. Jembatan dengan lebar sekitar 30 meter ini punya jalur khusus motor dan mobil, menyala cantik dengan lampu-lampu di malam hari, sehingga selain mempercepat akses Jawa–Madura juga jadi spot favorit untuk menikmati pemandangan laut dan siluet kota dari atas jembatan.;https://www.nadiamurad.org/wp-content/uploads/2022/11/Jembatan-Nasional-Suramadu.jpg;Sesuai;70;;
wisata edukasi;Eco Green Park;-78876615;1125267665;Eco Green Park, Oro-oro Ombo, Kota Batu, Klojen, Jawa Timur, Jawa, 65316, Indonesia;Jawa Timur;Kota Batu;Eco Green Park, Kota Batu, Jawa Timur;gambar_wisata/Eco_Green_Park;Eco Green Park adalah destinasi wisata edukatif yang menggabungkan konsep rekreasi, lingkungan, dan teknologi ramah lingkungan. Taman ini menawarkan berbagai wahana interaktif yang mengajarkan pentingnya menjaga alam dan keberlanjutan lingkungan. Pengunjung dapat melihat koleksi burung eksotis, menikmati taman tematik, serta mencoba berbagai permainan edukatif yang seru dan informatif. Dengan suasana yang hijau dan menyenangkan, Eco Green Park menjadi pilihan tepat untuk liburan keluarga sekaligus menambah wawasan tentang pelestarian lingkungan.;https://www.harapanrakyat.com/wp-content/uploads/2022/08/Eco-Green-Park-1024x577.jpg;Sesuai;100;;
wisata edukasi;Jatim Park 1;-7884107;112524534;Jl. Kartini No. 2, Sisir, Kec. Batu;Jawa Timur;Kota Batu;Jatim Park 1, Kota Batu, Jawa Timur;gambar_wisata/Jatim_Park_1;Jatim Park 1 di Kota Batu adalah taman rekreasi terbesar di kawasan ini yang menggabungkan lebih dari 60 wahana permainan dengan zona edukasi sains dan budaya. Di sini kamu bisa main di wahana ekstrim seperti Flying Tornado, roller coaster, dan waterboom, sekaligus belajar di galeri fisika, kimia, biologi, Galeri Nusantara, dan Museum Tubuh Bagong yang menjelaskan anatomi manusia dengan cara interaktif.;https://wisato.id/wp-content/uploads/2020/03/foto-Jatim-Park-1-Malang-wisata_oke.jpg;Tidak Cocok;16;;
wisata edukasi;Jatim Park 2;-7889312;112528434;Jl. Oro-Oro Ombo No. 9, Temas, Kec. Batu;Jawa Timur;Kota Batu;Jatim Park 2, Kota Batu, Jawa Timur;gambar_wisata/Jatim_Park_2;Jatim Park 2 punya konsep utama kebun binatang modern dan edukasi satwa, terdiri dari tiga area: Batu Secret Zoo, Museum Satwa, dan hotel tematik Pohon Inn. Di Batu Secret Zoo kamu bisa bertemu ratusan hewan dari berbagai benua lewat zona seperti River Adventure, Tiger Land, dan Savannah, sementara Museum Satwa menampilkan diorama satwa dan replika fosil sehingga cocok untuk wisata keluarga yang ingin “main sambil belajar” tentang dunia hewan.;https://nahwatour.com/wp-content/uploads/2018/07/jatim-park-2.jpg;Tidak Cocok;16;;
wisata edukasi;Kampung Arab Ampel;-72315883;1127425599;Kampung Arab Market, RW 02, Ampel, Semampir, Surabaya, Jawa Timur, Jawa, 60162, Indonesia;Jawa Timur;Surabaya;Kampung Arab Ampel, Surabaya, Jawa Timur;gambar_wisata/Kampung_Arab_Ampel;Kampung Arab Ampel merupakan kawasan bersejarah yang dikenal sebagai pusat budaya Arab dan wisata religi. Daerah ini berada di sekitar Masjid Sunan Ampel, salah satu situs penting penyebaran Islam di Jawa. Pengunjung dapat merasakan suasana khas Timur Tengah melalui deretan toko yang menjual parfum, kurma, pakaian muslim, hingga kuliner khas Arab. Kampung Arab Ampel menjadi destinasi menarik untuk wisata religi, sejarah, sekaligus berburu kuliner dan oleh-oleh khas.;http://sentul.city/wp-content/uploads/2024/03/pintu-masuk-wisata-ampel.jpg;Sesuai;100;;
wisata edukasi;Kampung Tridi Malang;-79817148;1126379373;Kampung Tridi (3D Village), Jalan Brantas, RW 12 KEL. KESATRIAN, KOTA MALANG, Sukoharjo, Kota Malang, Jawa Timur, Jawa, 65118, Indonesia;Jawa Timur;Kota Malang;Kampung Tridi Malang, Kota Malang, Jawa Timur;gambar_wisata/Kampung_Tridi_Malang;Kampung Tridi merupakan destinasi wisata kreatif yang terkenal dengan lukisan mural tiga dimensi (3D) yang unik dan penuh warna. Dinding rumah, tangga, dan jalanan di kampung ini dihiasi dengan berbagai gambar ilusi optik yang tampak hidup ketika difoto dari sudut tertentu. Tempat ini menjadi spot favorit bagi wisatawan yang ingin berfoto menarik sekaligus menikmati suasana kampung yang artistik dan kreatif. Kampung Tridi juga menunjukkan bagaimana kreativitas masyarakat dapat mengubah lingkungan menjadi destinasi wisata yang menarik. ;https://www.harapanrakyat.com/wp-content/uploads/2022/08/Kampung-Tridi-3D.jpg;Sesuai;100;;
wisata edukasi;Kebun Raya Malang;-77998333;112741642;Kebun Raya Purwodadi, Jalan Raya Surabaya - Malang, Kertosari, Pasuruan, Jawa Timur, Jawa, Indonesia;Jawa Timur;Pasuruan;Kebun Raya Malang, Pasuruan, Jawa Timur;gambar_wisata/Kebun_Raya_Malang;Kebun Raya Singosari merupakan kawasan konservasi tanaman yang mengusung konsep edukasi, penelitian, dan rekreasi alam. Kebun raya ini memiliki koleksi berbagai jenis tanaman tropis serta area hijau yang luas dan asri. Pengunjung dapat berjalan santai, menikmati udara segar, belajar mengenal berbagai jenis tumbuhan, atau berfoto di tengah pemandangan alam yang menenangkan. Tempat ini cocok untuk wisata keluarga, edukasi lingkungan, maupun kegiatan rekreasi di alam terbuka.;https://assets.pikiran-rakyat.com/crop/0x0:0x0/750x500/photo/2022/12/23/3613190546.jpg;Sesuai;100;;
wisata edukasi;Kebun Raya Purwodadi;-77998333;112741642;Kebun Raya Purwodadi, Jalan Raya Surabaya - Malang, Kertosari, Pasuruan, Jawa Timur, Jawa, Indonesia;Jawa Timur;Pasuruan;Kebun Raya Purwodadi, Pasuruan, Jawa Timur;gambar_wisata/Kebun_Raya_Purwodadi;Kebun Raya Purwodadi merupakan salah satu kebun raya terbesar di Indonesia yang menjadi pusat konservasi tanaman tropis dataran rendah. Tempat ini memiliki ribuan koleksi tanaman seperti palem, bambu, anggrek, serta berbagai tanaman obat. Dengan area yang luas, udara yang sejuk, dan pemandangan hijau yang asri, Kebun Raya Purwodadi menjadi destinasi yang cocok untuk rekreasi keluarga, edukasi lingkungan, penelitian, maupun sekadar berjalan santai menikmati keindahan alam.;https://www.heydayat.com/wp-content/uploads/2022/10/Heydayat.com-Review-Wisata-Kebun-Raya-Purwodadi-Pasuruan-Jawa-Timur-1536x1149.jpg;Sesuai;100;;
wisata edukasi;Kebun Teh Wonosari;-7812482;1126402789;Kebun Teh Wonosari, Ptpn Wonosari, Kabupaten Malang, Jawa Timur, Jawa, Indonesia;Jawa Timur;Kabupaten Malang;Kebun Teh Wonosari, Kabupaten Malang, Jawa Timur;gambar_wisata/Kebun_Teh_Wonosari;Kebun Teh Wonosari adalah agrowisata perkebunan teh milik PTPN XII di lereng Gunung Arjuno, Desa Toyomarto–Lawang, Malang, yang berada di ketinggian sekitar 950–1.250 mdpl dengan luas ratusan hektar hamparan teh hijau. Selain jalan santai di antara barisan teh dan foto-foto di spot hits seperti Bukit Kuneer (sekitar 1.250 mdpl), pengunjung bisa ikut tur edukasi ke pabrik untuk melihat proses pengolahan teh, mencoba memetik daun teh bersama pekerja, hingga menikmati fasilitas rekreasi keluarga seperti playground, penginapan sederhana, dan arena outbound di udara pegunungan yang sejuk.;https://www.puteramentari.com/wp-content/uploads/2020/02/Kebun-Teh-Wonosari-Wisata-Agro-Memanjakan-Mata.jpg;Sesuai;100;;
wisata edukasi;Pusat Penelitian Kopi dan Kakao Jember;-81620212;1137091569;Pusat Penelitian Kopi dan Kakao Indonesia, Sumber Lor, Jember, Jawa Timur, Jawa, Indonesia;Jawa Timur;Jember;Pusat Penelitian Kopi dan Kakao Jember, Jember, Jawa Timur;gambar_wisata/Pusat_Penelitian_Kopi_dan_Kakao_Jember;Pusat Penelitian Kopi dan Kakao Indonesia di Rambipuji, Jember, adalah satu-satunya lembaga riset kopi dan kakao di Indonesia yang berdiri sejak 1911 dengan area kebun sekitar 160 hektar. Di sini kamu bisa melihat langsung kebun kopi dan kakao, belajar proses budidaya hingga pengolahan biji di pabrik, naik kereta wisata keliling kebun, lalu mencicipi dan membeli aneka produk kopi–cokelat khas Jember sebagai oleh-oleh.;https://assets.kompasiana.com/items/album/2022/11/01/unnamed-7-6361090308a8b55e672b3542.jpg;Sesuai;100;;
wisata edukasi;Selecta;-78191784;1125251767;Musholla Selecta, Jalan Masjid, Tulungrejo, Kota Batu, Jawa Timur, Jawa, 65336, Indonesia;Jawa Timur;Kota Batu;Selecta, Kota Batu, Jawa Timur;gambar_wisata/Selecta;Taman Rekreasi Selecta di Tulungrejo, Bumiaji, Batu, adalah taman wisata klasik berhawa dingin dengan taman bunga luas, kolam renang air pegunungan, dan pemandangan pegunungan yang menyegarkan. Area seluas ±18 hektar ini punya taman bunga ±10 hektar, wahana flying fox, sepeda air, family coaster, dan area bermain anak, sehingga cocok untuk liburan keluarga dari pagi sampai sore.;https://ksmtour.com/media/images/articles23/selecta-batu-jawa-timur.jpg;Sesuai;100;;
wisata kuliner;Bakso President Malang;-79624439;1126368008;Bakso President, Jalan Batanghari, Rampal Celaket, Kota Malang, Jawa Timur, Jawa, 65123, Indonesia;Jawa Timur;Kota Malang;Bakso President Malang, Kota Malang, Jawa Timur;gambar_wisata/Bakso_President_Malang;"Bakso President Malang berlokasi di Jalan Batanghari, tepat di tepi rel kereta api aktif, memberi pengalaman unik makan bakso sambil melihat kereta lewat hanya beberapa meter dari meja. Menu andalannya antara lain bakso urat, bakso goreng, bakso telur, dan bakso campur dengan kuah gurih khas Malang; tempat ini hampir selalu ramai, jadi pas dimasukkan sebagai agenda kuliner wajib saat ke Malang.";https://kelrampalcelaket.malangkota.go.id/wp-content/uploads/sites/96/2016/09/wisata-Kuliner-Malang.jpg;Sesuai;100;;
wisata kuliner;Jalan Sumatera Surabaya;-72749513;1127451892;Jalan Sumatera, RW 04, Gubeng, Surabaya, Jawa Timur, Jawa, 60271, Indonesia;Jawa Timur;Surabaya;Jalan Sumatera Surabaya, Surabaya, Jawa Timur;gambar_wisata/Jalan_Sumatera_Surabaya;Jalan Sumatera berada di kawasan pusat kota Surabaya dan dikenal sebagai salah satu koridor kafe dan restoran yang hidup hingga malam hari. Banyak kedai kopi specialty, tempat makan kekinian, dan bar kecil yang bisa kamu eksplor, cocok untuk wisatawan yang ingin merasakan suasana “night life” Surabaya yang santai tapi modern.;https://wisatabagus.com/wp-content/uploads/2019/08/tempat-wisata-di-surabaya-jawa-timur.jpg;Sesuai;100;;
wisata kuliner;Pasar Atom Surabaya;-72414035;1127441077;Pasar Atom, Jalan Waspada, RW 04, Bongkaran, Pabean Cantian, Surabaya, Jawa Timur, Jawa, 60145, Indonesia;Jawa Timur;Surabaya;Pasar Atom Surabaya, Surabaya, Jawa Timur;gambar_wisata/Pasar_Atom_Surabaya;Pasar Atom di pusat Surabaya adalah pusat belanja legendaris yang dikenal kuat dengan produk emas, fashion, dan kuliner khas Tionghoa–Jawa. Lorong-lorong tokonya padat dengan lebih dari 400 tenant fashion, kios emas, dan food court besar berisi kue-kue, lontong, bakpao, dan jajanan khas, sehingga satu kunjungan bisa sekaligus belanja dan wisata kuliner.;https://cdn.wisata.app/diary/e22b8ac7-c34b-4f81-9300-8b818340a998_xs.jpg;Sesuai;100;;
wisata kuliner;Rujak Cingur Genteng Surabaya;-72554948;112740236;Rujak Cingur Ahmad Jais, No.40, Jalan Achmad Jais, RW 02, Peneleh, Genteng, Surabaya, Jawa Timur, Jawa, 60274, Indonesia;Jawa Timur;Surabaya;Rujak Cingur Genteng Surabaya, Surabaya, Jawa Timur;gambar_wisata/Rujak_Cingur_Genteng_Surabaya;Kawasan Genteng di Surabaya terkenal dengan deretan warung rujak cingur yang menyajikan rujak dengan bumbu petis kental beraroma kuat. Di sini kamu bisa merasakan cita rasa autentik rujak cingur—campuran sayur, buah, lontong, tahu, tempe, dan irisan cingur sapi—sambil menikmati nuansa kota tua dan hiruk pikuk Surabaya tempo dulu.;https://www.gotravelly.com/assets/img/culinary/gallery/1276/83326ee265e66044387b8e35231e339f.jpg;Sesuai;100;;
wisata kuliner;Soto Lamongan Cak Har Surabaya;-7295653;1127812929;Soto Ayam Lamongan Cak Har, No.220, Jalan Klampis Harapan X, RW 08, Klampis Ngasem, Sukolilo, Surabaya, Jawa Timur, Jawa, 60119, Indonesia;Jawa Timur;Surabaya;Soto Lamongan Cak Har Surabaya, Surabaya, Jawa Timur;gambar_wisata/Soto_Lamongan_Cak_Har_Surabaya;Soto Lamongan Cak Har adalah jaringan warung soto populer di Surabaya yang identik dengan kuah kuning gurih dan taburan koya melimpah. Dengan beberapa cabang di lokasi strategis, soto ini mudah dijangkau dan cocok jadi menu sarapan atau makan siang sebelum atau sesudah city tour di Surabaya.;https://cdn1.katadata.co.id/media/images/thumb/2021/11/12/Soto_ayam_Lamongan-2021_11_12-07_11_23_a43683d33b40f413228d54e3c6ed4a2f_960x640_thumb.jpg;Sesuai;100;;
wisata religi;Gereja Santa Perawan Maria Surabaya;-72420553;1127369704;Gereja Santa Perawan Maria, Jalan Kepanjen, RW 08, Krembangan Selatan, Krembangan, Surabaya, Jawa Timur, Jawa, 60161, Indonesia;Jawa Timur;Surabaya;Gereja Santa Perawan Maria Surabaya, Surabaya, Jawa Timur;gambar_wisata/Gereja_Santa_Perawan_Maria_Surabaya;Gereja Santa Perawan Maria di pusat Surabaya, yang juga menjadi Katedral Hati Kudus Yesus, menonjol dengan arsitektur neo-gotik Eropa, jendela kaca patri, dan menara tinggi yang elegan. Selain sebagai tempat misa, gereja ini menarik untuk dikunjungi wisatawan yang tertarik dengan bangunan bersejarah, fotografi arsitektur, dan jejak kota kolonial Surabaya.;https://www.holidify.com/images/cmsuploads/compressed/attr_124235_20190917134911.jpg;Sesuai;100;;
wisata religi;Makam Sunan Ampel Surabaya;-72299754;1127422732;Makam Sunan Ampel, Jalan Ampel Masjid, Masjid Agung Ampel, Ampel, Semampir, Surabaya, Jawa Timur, Jawa, 60151, Indonesia;Jawa Timur;Surabaya;Makam Sunan Ampel Surabaya, Surabaya, Jawa Timur;gambar_wisata/Makam_Sunan_Ampel_Surabaya;Makam Sunan Ampel berada di kawasan Kampung Arab Ampel, tidak jauh dari pusat kota Surabaya, dan merupakan salah satu destinasi utama dalam jalur ziarah Wali Songo. Di kompleks ini pengunjung bisa berziarah, lalu menyusuri lorong-lorong pasar Arab yang menjual parfum, kurma, jubah, dan perlengkapan ibadah, sehingga terasa seperti “mini Timur Tengah” di Surabaya.;https://ksmtour.com/media/images/articles20/wisata-religi-sunan-ampel-jawa-timur.jpg;Sesuai;100;;
wisata religi;Makam Sunan Bonang Tuban;-68945426;1120633171;Makam Sunan Bonang, Kutorejo Gang VIII, RT.03, RW.01, Kutorejo, Tuban, Jawa Timur, Jawa, 62313, Indonesia;Jawa Timur;Tuban;Makam Sunan Bonang Tuban, Tuban, Jawa Timur;gambar_wisata/Makam_Sunan_Bonang_Tuban;Makam Sunan Bonang terletak di dekat alun-alun dan Masjid Agung Tuban, sehingga mudah diakses peziarah maupun wisatawan umum. Lokasinya yang menyatu dengan pusat kota pesisir membuat pengunjung bisa menggabungkan ziarah, berkunjung ke masjid tua, dan berjalan-jalan di sekitar alun-alun dalam satu rute.;https://cdngnfi2.sgp1.digitaloceanspaces.com/gnfi/uploads/articles/pasujudan-sunan-bonang-1-88f8fd650e2ee96e07c4746226f71bdf.jpg;Sesuai;100;;
wisata religi;Makam Sunan Giri Gresik;-71688945;1126310331;Makam Sunan Giri, Kebomas, Gresik, Jawa Timur, Jawa, Indonesia;Jawa Timur;Gresik;Makam Sunan Giri Gresik, Gresik, Jawa Timur;gambar_wisata/Makam_Sunan_Giri_Gresik;Makam Sunan Giri berada di puncak bukit di Gresik, sehingga pengunjung perlu menaiki deretan anak tangga untuk sampai ke kompleks makam. Dari atas, kamu bisa menikmati pemandangan kota dan laut di kejauhan sekaligus mengenal peran Sunan Giri sebagai tokoh pendidikan dan penyebar Islam di wilayah pesisir.;https://storage.googleapis.com/seo-cms/assets/Makam_Sunan_Giri_0d307ef490/Makam_Sunan_Giri_0d307ef490.jpg;Sesuai;100;;
wisata religi;Masjid Agung Surabaya;-7229971;1127428733;Masjid Agung Sunan Ampel, 53, Jalan Ampel Masjid, Masjid Agung Ampel, Ampel, Semampir, Surabaya, Jawa Timur, Jawa, 60151, Indonesia;Jawa Timur;Surabaya;Masjid Agung Surabaya, Surabaya, Jawa Timur;gambar_wisata/Masjid_Agung_Surabaya;Masjid Agung Surabaya (Al-Falah) merupakan salah satu masjid terbesar di pusat kota dan menjadi tempat berbagai aktivitas keagamaan dan sosial masyarakat. Lokasinya yang strategis dan desain ruang dalam yang luas membuat masjid ini sering dijadikan tempat singgah salat dan istirahat oleh wisatawan yang berkeliling kota.;https://1.bp.blogspot.com/-EvaMHwEJoiU/XWgB6l99BqI/AAAAAAAAAqA/q68ivj8AAkke-aetXBPG1tJeOk29ZhrdQCLcBGAs/s1600/Masjid-Al-Akbar-Surabaya.jpg;Sesuai;100;;
wisata religi;Masjid Al-Akbar Surabaya;-72580747;1126782978;Masjid Al-Akbar, Jalan Balongsari Krajan I, RW 07, Balongsari, Tandes, Surabaya, Jawa Timur, Jawa, 60184, Indonesia;Jawa Timur;Surabaya;Masjid Al-Akbar Surabaya, Surabaya, Jawa Timur;gambar_wisata/Masjid_Al-Akbar_Surabaya;Masjid Al-Akbar Surabaya, yang berdiri di kawasan Pagesangan, adalah masjid terbesar di Jawa Timur dengan kubah besar biru–hijau dan menara setinggi sekitar 99 meter. Pengunjung bisa naik lift menara (saat dibuka) untuk menikmati panorama 360 derajat Kota Surabaya, menjadikannya destinasi wisata religi sekaligus spot foto ikonik.;https://www.nadiamurad.org/wp-content/uploads/2022/11/Masjid-Nasional-Al-Akbar-Surabaya.jpg;Sesuai;100;;
wisata religi;Masjid Cheng Hoo Surabaya;-72519525;1127467958;Masjid Muhammad Cheng Hoo Surabaya, Jalan Gading, RW 11, Ketabang, Genteng, Surabaya, Jawa Timur, Jawa, 60161, Indonesia;Jawa Timur;Surabaya;Masjid Cheng Hoo Surabaya, Surabaya, Jawa Timur;gambar_wisata/Masjid_Cheng_Hoo_Surabaya;Masjid Cheng Hoo berada di wilayah Gading, Surabaya, dan didesain mengadopsi gaya kelenteng Tiongkok: atap bertingkat, pintu gerbang merah, dan ornamentasi naga dipadukan kaligrafi Arab. Masjid ini menarik dikunjungi untuk melihat harmoni budaya Islam dan Tionghoa sekaligus berfoto di lingkungan masjid yang penuh warna.;https://ksmtour.com/media/images/articles17/masjid-cheng-hoo-surabaya-jawa-timur.jpg;Sesuai;100;;
wisata religi;Pura Agung Blambangan;-84316781;1143200224;Pura Agung Blambangan, Jalan Ngurah Rai, Tembokrejo, Banyuwangi, Jawa Timur, Jawa, 68471, Indonesia;Jawa Timur;Banyuwangi;Pura Agung Blambangan, Banyuwangi, Jawa Timur;gambar_wisata/Pura_Agung_Blambangan;Pura Agung Blambangan di Banyuwangi merupakan pura penting bagi umat Hindu di ujung timur Jawa dan sering menjadi lokasi upacara besar seperti Piodalan. Letaknya dekat pantai dan dikelilingi pemandangan alam khas Banyuwangi, sehingga wisatawan bisa merasakan suasana spiritual sekaligus menikmati panorama laut dan pegunungan dalam satu kunjungan.;https://cdn.statically.io/img/liburanmulu.com/f=auto%2Cq=70/wp-content/uploads/2020/09/1600518661_149_10-Foto-Pura-Agung-Blambangan-Banyuwangi-Sejarah-Asal-Usul.jpg;Sesuai;100;;
wisata tematik;Batu Love Garden;-78638662;1125428658;Batu Love Garden, Pandanrejo, Kota Batu, Lowokwaru, Jawa Timur, Jawa, 65332, Indonesia;Jawa Timur;Kota Batu;Batu Love Garden, Kota Batu, Jawa Timur;gambar_wisata/Batu_Love_Garden;Batu Love Garden (Baloga) di Kota Batu adalah taman bunga dan tanaman hias bertema cinta yang dikelola Jatim Park Group. Ada zona kebun bunga outdoor, rumah kaca, spot foto berbentuk hati, serta area edukasi tanaman, cocok untuk keluarga dan pasangan yang ingin foto estetik di tengah ribuan bunga berwarna-warni.;https://asset-2.tstatic.net/travel/foto/bank/images/batu-love-garden-tempat-wisata-hits-di-batu-yang-dekat-hotel-dan-tempat-sewa-motor.jpg;Sesuai;100;;
wisata tematik;House of Sampoerna;-72309923;1127341461;House of Sampoerna, 6, Jalan Sampoerna, RW 01, Krembangan Utara, Pabean Cantian, Surabaya, Jawa Timur, Jawa, 60163, Indonesia;Jawa Timur;Surabaya;House of Sampoerna, Surabaya, Jawa Timur;gambar_wisata/House_of_Sampoerna;House of Sampoerna di kawasan Kota Tua Surabaya adalah museum dan pusat budaya yang menempati bangunan bergaya kolonial dari tahun 1862, dulu pabrik rokok pertama Sampoerna. Di sini pengunjung bisa mengikuti tur sejarah perusahaan, melihat proses pelintingan rokok kretek secara manual dari galeri kaca, lalu menikmati kafe, galeri seni, dan toko suvenir di dalam kompleks yang terawat rapi.;https://www.lapispahlawan.co.id/uploads/6/2023-03/house_of_sampoerna.jpg;Sesuai;100;;
wisata tematik;Kampung Warna Warni Jodipan;-79831221;1126378633;Kampung Warna Warni Jodipan, Jalan Insinyur Haji Juanda, RW 02 Kel. Jodipan Kec. Blimbing Kota Malang, Sukoharjo, Kota Malang, Jawa Timur, Jawa, 65118, Indonesia;Jawa Timur;Kota Malang;Kampung Warna Warni Jodipan, Kota Malang, Jawa Timur;gambar_wisata/Kampung_Warna_Warni_Jodipan;Kampung Warna Warni Jodipan di bantaran Sungai Brantas, Kota Malang, dulunya kawasan kumuh yang kemudian disulap menjadi kampung penuh mural, rumah warna-warni, dan instalasi kreatif. Kini Jodipan menjadi salah satu ikon wisata foto Malang dengan banyak spot seperti tangga pelangi, jembatan kaca, dan dinding mural tematik yang sering viral di media sosial.;https://asset.kompas.com/crops/AQnTDl9JE_k28ofddEmzXgZbrnk=/0x0:739x493/1200x800/data/photo/2020/09/01/5f4dfeb876f7b.jpg;Sesuai;100;;
wisata tematik;Taman Safari Prigen;-7752837;112667453;Taman Safari Indonesia Prigen, Taman Safari, Jatiarjo, Pasuruan, Jawa Timur, Jawa, Indonesia;Jawa Timur;Pasuruan;Taman Safari Prigen, Pasuruan, Jawa Timur;gambar_wisata/Taman_Safari_Prigen;Taman Safari Prigen di lereng Gunung Arjuno, Pasuruan, adalah taman safari terbesar di Indonesia dengan luas sekitar 350 hektar dan lebih dari 2.400 satwa dari 225 spesies. Pengunjung bisa berkeliling dengan mobil pribadi atau bus safari di zona satwa lepas, mengunjungi baby zoo, bermain di Safari Water World, menonton pertunjukan edukasi satwa, hingga mencoba berbagai wahana permainan sehingga butuh waktu seharian untuk puas menjelajah.;https://asset-2.tstatic.net/travel/foto/bank/images/Baby-Zoo-Taman-Safari-Prigen.jpg;Sesuai;100;;
