kategori;nama_wisata;alamat;provinsi;kota_kabupaten;nama_lengkap;deskripsi_bersih
wisata alam;Ranu Kumbolo;Ranu Kumbolo, Pasrujambe, Kabupaten Lumajang, Jawa Timur, Jawa, Indonesia;Jawa Timur;Kabupaten Lumajang;Ranu Kumbolo, Kabupaten Lumajang, Jawa Timur;Ranu Kumbolo adalah danau alam di kawasan Taman Nasional Bromo Tengger Semeru, Kabupaten Lumajang, yang menjadi tempat favorit pendaki Semeru untuk berkemah dan menikmati pemandangan pegunungan.
wahana keluarga;Hawai Waterpark Malang;Hawai Waterpark, Jl. Graha Kencana Raya, Banjararum, Singosari, Kabupaten Malang, Jawa Timur, 65126, Indonesia;Jawa Timur;Kabupaten Malang;Hawai Waterpark Malang, Kabupaten Malang, Jawa Timur;Hawai Waterpark Malang merupakan taman wisata air bertema Hawaii di Kabupaten Malang yang menawarkan berbagai seluncuran, kolam ombak, dan wahana permainan air untuk keluarga
wahana keluarga;Malang Night Paradise;Malang Night Paradise, Graha Kencana Raya, Jl. Raya Karanglo No.66, Balearjosari, Blimbing, Kota Malang, Jawa Timur, Indonesia;Jawa Timur;Kota Malang;Malang Night Paradise, Kota Malang, Jawa Timur;Malang Night Paradise adalah taman hiburan malam di Kota Malang yang menghadirkan taman lampu, wahana tematik, dan area bermain keluarga dengan suasana penuh instalasi cahaya.
wisata alam;Ranu Pani;Ranu Pani, Desa Ranu Pani, Senduro, Kabupaten Lumajang, Jawa Timur, Indonesia;Jawa Timur;Kabupaten Lumajang;Ranu Pani, Kabupaten Lumajang, Jawa Timur;Ranu Pani adalah danau kecil di Desa Ranu Pani, Lumajang, yang menjadi pintu gerbang pendakian Gunung Semeru dan menawarkan suasana desa pegunungan yang sejuk.
wisata alam;Ranu Regulo;Ranu Regulo, Desa Ranu Pani, Senduro, Kabupaten Lumajang, Jawa Timur, Indonesia;Jawa Timur;Kabupaten Lumajang;Ranu Regulo, Kabupaten Lumajang, Jawa Timur;Ranu Regulo adalah danau pegunungan di sekitar Desa Ranu Pani yang menawarkan pemandangan tenang dan sering dijadikan lokasi berkemah alternatif selain Ranu Kumbolo.
wahana keluarga;Wisata Bahari Lamongan;Wisata Bahari Lamongan, Jalan Raya Paciran, Paciran, Kabupaten Lamongan, Jawa Timur, Indonesia;Jawa Timur;Kabupaten Lamongan;Wisata Bahari Lamongan, Kabupaten Lamongan, Jawa Timur;Wisata Bahari Lamongan adalah taman rekreasi keluarga di pesisir Lamongan yang menggabungkan wahana permainan, area pantai, dan berbagai atraksi tematik bertema bahari.
taman;Kebun Bibit Wonorejo;Kebun Bibit Wonorejo, Jl. Raya Wonorejo, Wonorejo, Rungkut, Surabaya, Jawa Timur, Indonesia;Jawa Timur;Surabaya;Kebun Bibit Wonorejo, Surabaya, Jawa Timur;Kebun Bibit Wonorejo merupakan ruang terbuka hijau di Surabaya dengan danau, area jogging, dan taman bermain yang sering dimanfaatkan warga untuk rekreasi keluarga dan olahraga.
taman;Taman Bungkul;Taman Bungkul, Jl. Raya Darmo, Darmo, Wonokromo, Surabaya, Jawa Timur, Indonesia;Jawa Timur;Surabaya;Taman Bungkul, Surabaya, Jawa Timur;Taman Bungkul adalah taman kota populer di Surabaya yang dilengkapi area bermain, panggung, jalur pejalan kaki, dan kuliner kaki lima, sering menjadi tempat nongkrong warga.
wahana keluarga;Kenjeran Park;Kenjeran Park, Jl. Pantai Ria Kenjeran, Sukolilo Baru, Bulak, Surabaya, Jawa Timur, Indonesia;Jawa Timur;Surabaya;Kenjeran Park, Surabaya, Jawa Timur;Kenjeran Park merupakan kawasan wisata keluarga di Surabaya yang menggabungkan pantai, taman bermain, dan replika bangunan ikonik seperti pagoda dan klenteng.
wisata tematik;Kampung Lawas Maspati;Kampung Lawas Maspati, Jl. Maspati Dalam, Bubutan, Surabaya, Jawa Timur, Indonesia;Jawa Timur;Surabaya;Kampung Lawas Maspati, Surabaya, Jawa Timur;Kampung Lawas Maspati adalah kampung wisata tematik di Surabaya dengan gang mural, rumah tua, dan aktivitas budaya yang mengangkat sejarah permukiman lama.
wisata tematik;Kota Lama Surabaya;Kawasan Kota Lama Surabaya, sekitar Jl. Kembang Jepun, Jl. Jembatan Merah, dan sekitarnya, Surabaya, Jawa Timur, Indonesia;Jawa Timur;Surabaya;Kota Lama Surabaya, Surabaya, Jawa Timur;Kota Lama Surabaya adalah kawasan kota tua dengan bangunan kolonial, museum, dan kawasan perdagangan lama di sekitar Jembatan Merah yang sering dijadikan lokasi wisata sejarah dan fotografi.
wisata tematik;Jalan Tunjungan;Jalan Tunjungan, Genteng, Surabaya, Jawa Timur, Indonesia;Jawa Timur;Surabaya;Jalan Tunjungan, Surabaya, Jawa Timur;Jalan Tunjungan adalah kawasan heritage di pusat Surabaya yang dipenuhi gedung kolonial, hotel bersejarah, dan pertokoan modern, terkenal sebagai ikon kota dan lokasi wisata foto malam hari.
wisata tematik;Surabaya North Quay;Surabaya North Quay, Terminal Gapura Surya Nusantara, Pelabuhan Tanjung Perak, Surabaya, Jawa Timur, Indonesi;Jawa Timur;Surabaya;Surabaya North Quay, Surabaya, Jawa Timur;Surabaya North Quay adalah kawasan wisata di area Pelabuhan Tanjung Perak yang menawarkan pemandangan kapal pesiar, sunset di laut, serta area kuliner dan event kreatif.
taman;Taman Prestasi Surabaya;Taman Prestasi, Jl. Ketabang Kali, Ketabang, Genteng, Surabaya, Jawa Timur, Indonesia;Jawa Timur;Surabaya;Taman Prestasi, Surabaya, Jawa Timur;Taman Prestasi adalah taman kota di tepi Kalimas dengan area hijau, jalur pejalan kaki, dan lokasi naik perahu wisata Kalimas yang sering dipakai untuk rekreasi keluarga.
taman;Taman Flora Bratang;Taman Flora Bratang, Jl. Bratang Binangun, Baratajaya, Gubeng, Surabaya, Jawa Timur, Indonesia;Jawa Timur;Surabaya;Taman Flora Bratang, Surabaya, Jawa Timur;Taman Flora Bratang adalah taman kota dengan koleksi tanaman, area bermain, dan fasilitas olahraga ringan yang menjadi salah satu ruang terbuka hijau favorit warga Surabaya.
wisata tematik;Kampung Nelayan Kenjeran;Kampung Nelayan Kenjeran, sekitar Jl. Pantai Kenjeran, Bulak, Surabaya, Jawa Timur, Indonesia;Jawa Timur;Surabaya;Kampung Nelayan Kenjeran, Surabaya, Jawa Timur;Kampung Nelayan Kenjeran adalah kampung wisata pesisir di Surabaya dengan rumah-rumah nelayan, mural, dan spot foto berlatar laut yang mendukung wisata pantai Kenjeran.
gunung;Gunung Panderman;Gunung Panderman, Desa Pesanggrahan, Kota Batu, Jawa Timur, Indonesia;Jawa Timur;Kota Batu;Gunung Panderman, Kota Batu, Jawa Timur;Gunung Panderman adalah gunung setinggi sekitar 2.045 mdpl di Kota Batu yang populer sebagai tujuan pendakian singkat dengan pemandangan Kota Batu dan pegunungan sekitarnya.
gunung;Gunung Butak;Gunung Butak, kawasan Pegunungan Putri Tidur, akses dari Desa Panderman, Kota Batu, atau Sirah Kencong, Blitar, Jawa Timur, Indonesia;Jawa Timur;Kabupaten Malang;Gunung Butak, Kabupaten Malang dan Blitar, Jawa Timur;Gunung Butak adalah gunung setinggi sekitar 2.868 mdpl di perbatasan Malang dan Blitar yang menawarkan jalur pendakian menantang dengan panorama 360 derajat pegunungan di Jawa Timur.
gunung;Gunung Penanggungan;Gunung Penanggungan, kawasan Trawas dan Ngoro, Kabupaten Mojokerto, dan Gempol, Kabupaten Pasuruan, Jawa Timur, Indonesia;Jawa Timur;Kabupaten Mojokerto;Gunung Penanggungan, Kabupaten Mojokerto dan Pasuruan, Jawa Timur;Gunung Penanggungan adalah gunung setinggi sekitar 1.653 mdpl di Mojokerto dan Pasuruan yang terkenal dengan jalur pendakian pendek, situs-situs candi kuno, dan cocok bagi pendaki pemula.
gunung;Gunung Argopuro;Gunung Argopuro, kawasan pegunungan di Probolinggo, Situbondo, dan Bondowoso, Jawa Timur, Indonesia;Jawa Timur;Kabupaten Probolinggo;Gunung Argopuro, Kabupaten Probolinggo, Situbondo, dan Bondowoso, Jawa Timur;Gunung Argopuro adalah gunung setinggi sekitar 3.088 mdpl yang terkenal dengan jalur pendakian sangat panjang, padang sabana Cikasur, dan pemandangan alam yang luas di Jawa Timur.
gunung;Gunung Kawi;Gunung Kawi, kawasan pegunungan di perbatasan Kabupaten Malang dan Blitar, Jawa Timur, Indonesia;Jawa Timur;Kabupaten Malang;Gunung Kawi, Kabupaten Malang dan Blitar, Jawa Timur;Gunung Kawi adalah gunung di perbatasan Malang dan Blitar yang dikenal sebagai tujuan pendakian sekaligus ziarah dengan banyak petilasan dan pemandangan perkebunan di lerengnya
gunung;Gunung Lawu;Gunung Lawu, jalur pendakian Cemoro Sewu, Plaosan, Kabupaten Magetan, Jawa Timur, Indonesia;Jawa Timur;Kabupaten Magetan;Gunung Lawu, Kabupaten Magetan, Jawa Timur;Gunung Lawu adalah gunung berapi setinggi sekitar 3.265 mdpl di perbatasan Jawa Tengah dan Jawa Timur, dengan salah satu jalur pendakian populer melalui Cemoro Sewu di Kabupaten Magetan.
gunung;Gunung Bokong;Gunung Bokong, Desa Pesanggrahan, Kecamatan Batu, Kota Batu, Jawa Timur, Indonesia;Jawa Timur;Kota Batu;Gunung Bokong, Kota Batu, Jawa Timur;Gunung Bokong adalah gunung setinggi sekitar 1.746 mdpl di Desa Pesanggrahan, Kota Batu, yang dikenal sebagai jalur pendakian baru dengan rute pendek dan pemandangan pegunungan Kawi–Panderman yang cocok untuk pendaki pemula.
mall;Ciputra World Surabaya;Ciputra World Surabaya, Jl. Mayjen Sungkono No.89, Dukuh Pakis, Surabaya, Jawa Timur, Indonesia;Jawa Timur;Surabaya;Ciputra World Surabaya, Surabaya, Jawa Timur;Ciputra World Surabaya adalah pusat perbelanjaan modern di kawasan Mayjen Sungkono yang dikenal dengan tenant fashion internasional, area makan mewah, dan akses langsung ke hotel bintang lima.
mall;Grand City Mall Surabaya;Grand City Mall, Jl. Walikota Mustajab No.1, Ketabang, Genteng, Surabaya, Jawa Timur, Indonesia;Jawa Timur;Surabaya;Grand City Mall Surabaya, Surabaya, Jawa Timur;Grand City Mall Surabaya adalah pusat perbelanjaan di pusat kota yang terhubung dengan gedung convention hall, sering dipakai untuk pameran besar, konser, dan event komunitas.
mall;Pakuwon City Mall;Pakuwon City Mall, Jl. Kejawan Putih Mutiara, Mulyorejo, Surabaya, Jawa Timur, Indonesia;Jawa Timur;Surabaya;Pakuwon City Mall, Surabaya, Jawa Timur;Pakuwon City Mall adalah pusat perbelanjaan di kawasan Pakuwon City Surabaya Timur yang melayani kebutuhan penghuni perumahan dan apartemen dengan beragam tenant retail dan kuliner.
wisata malam;Pasar Malam Kodam Brawijaya;Pasar Malam Kodam Brawijaya, Jl. Brawijaya, Sawunggaling, Wonokromo, Surabaya, Jawa Timur, Indonesia;Jawa Timur;Surabaya;Pasar Malam Kodam Brawijaya, Surabaya, Jawa Timur;Pasar Malam Kodam Brawijaya adalah pasar malam rakyat di Surabaya yang menyajikan wahana permainan, jajanan kaki lima, dan aneka produk murah untuk hiburan keluarga pada malam hari.
wisata malam;Kya-Kya Pecinan Surabaya;Kya-Kya Pecinan Surabaya, kawasan Jl. Kembang Jepun dan sekitarnya, Surabaya, Jawa Timur, Indonesia;Jawa Timur;Surabaya;Kya-Kya Pecinan, Surabaya, Jawa Timur;Kya-Kya Pecinan Surabaya adalah kawasan night market bernuansa pecinan dengan lampion, jajanan kaki lima, dan pertunjukan jalanan yang ramai dikunjungi wisatawan pada malam hari.
wisata malam;G-Walk Citraland;G-Walk, Kawasan Citraland, Sambikerep, Surabaya, Jawa Timur, Indonesia;Jawa Timur;Surabaya;G-Walk Citraland, Surabaya, Jawa Timur;G-Walk Citraland adalah koridor kuliner dan kafe di kawasan barat Surabaya yang ramai pada malam hari dengan deretan restoran, jajanan, dan hiburan live music.
wisata alam;Goa Tabuhan;Goa Tabuhan, Dusun Tabuhan, Desa Wareng, Kecamatan Punung, Kabupaten Pacitan, Jawa Timur, Indonesia;Jawa Timur;Pacitan;Goa Tabuhan, Kabupaten Pacitan, Jawa Timur;Goa Tabuhan adalah goa alam di Pacitan yang terkenal dengan stalaktit dan stalagmit yang jika dipukul menghasilkan bunyi seperti gamelan, sehingga sering dijadikan lokasi pertunjukan musik tradisional.
wisata alam;Goa Lowo;Goa Lowo, Desa Watuagung, Kecamatan Watulimo, Kabupaten Trenggalek, Jawa Timur, Indonesia;Jawa Timur;Trenggalek;Goa Lowo, Kabupaten Trenggalek, Jawa Timur;Goa Lowo adalah goa alam di Trenggalek yang dikenal sebagai salah satu goa terbesar di Asia Tenggara, memiliki ruangan luas dengan ribuan kelelawar dan stalaktit-stalagmit yang unik.
wisata tematik;Kampoeng Heritage Kajoetangan;Kampoeng Heritage Kajoetangan, Kelurahan Kauman, Kecamatan Klojen, dekat Jl. Basuki Rahmat, Kota Malang, Jawa Timur, Indonesia;Jawa Timur;Kota Malang;Kampoeng Heritage Kajoetangan, Kota Malang, Jawa Timur;Kampoeng Heritage Kajoetangan adalah kampung tua di pusat Kota Malang dengan deretan rumah lawas, gang sempit, mural, dan pasar krempyeng yang menawarkan pengalaman jelajah Malang tempo dulu.
wisata alam;Wisata Paralayang Batu;Wisata Paralayang Kota Batu, Jl. Gunung Banyak, Songgokerto, Kota Batu, Jawa Timur, Indonesia;Jawa Timur;Kota Batu;Wisata Paralayang Gunung Banyak, Kota Batu, Jawa Timur;Wisata Paralayang Batu adalah kawasan paralayang di puncak Gunung Banyak yang menawarkan aktivitas terbang tandem dan spot melihat pemandangan Kota Batu siang maupun malam dari ketinggian sekitar 1.300 mdpl.
wisata alam;Omah Kayu Batu;Omah Kayu, Jl. Gunung Banyak, Gunungsari, Kecamatan Bumiaji, Kota Batu, Jawa Timur, Indonesia;Jawa Timur;Kota Batu;Omah Kayu Batu, Kota Batu, Jawa Timur;Omah Kayu Batu adalah penginapan dan spot foto rumah pohon di kawasan Gunung Banyak yang menyajikan pemandangan lembah dan Kota Batu dari ketinggian dengan suasana hutan pinus yang sejuk.
wisata alam;Taman Langit Gunung Banyak;Taman Langit, kawasan Wisata Gunung Banyak, Jl. Gunung Banyak, Songgokerto, Kota Batu, Jawa Timur, Indonesia;Jawa Timur;Kota Batu;Taman Langit Gunung Banyak, Kota Batu, Jawa Timur;Taman Langit Gunung Banyak adalah area wisata di punggung Gunung Banyak dengan berbagai instalasi dan spot foto bertema langit serta pemandangan kota dan pegunungan yang terlihat jelas saat sunrise maupun malam hari.
pantai;Pantai Pulau Merah;Pantai Pulau Merah, Dusun Pancer, Desa Sumberagung, Kecamatan Pesanggaran, Kabupaten Banyuwangi, Jawa Timur, Indonesia;Jawa Timur;Banyuwangi;Pantai Pulau Merah, Banyuwangi, Jawa Timur;Pantai Pulau Merah adalah pantai berpasir cerah di Banyuwangi dengan ombak besar yang populer untuk selancar dan pulau karang berwarna kemerahan di lepas pantai yang menjadi ikon utamanya.
pantai;Pantai Tiga Warna;Pantai Tiga Warna, Desa Tambakrejo, Kecamatan Sumbermanjing Wetan, Kabupaten Malang, Jawa Timur, Indonesia;Jawa Timur;Kabupaten Malang;Pantai Tiga Warna, Kabupaten Malang, Jawa Timur;Pantai Tiga Warna adalah pantai konservasi di pesisir Malang yang terkenal dengan gradasi tiga warna air laut dan kegiatan snorkeling untuk menikmati terumbu karang yang dijaga ketat melalui sistem reservasi.
pantai;Pantai Teluk Hijau;Pantai Teluk Hijau, kawasan Taman Nasional Meru Betiri, Kecamatan Pesanggaran, Kabupaten Banyuwangi, Jawa Timur, Indonesia;Jawa Timur;Banyuwangi;Pantai Teluk Hijau, Banyuwangi, Jawa Timur;Pantai Teluk Hijau adalah teluk kecil berpasir putih dengan air laut berwarna hijau jernih di kawasan Taman Nasional Meru Betiri yang terkenal akan suasananya yang masih alami dan tenang.
pantai;Pantai Banyu Tibo;Pantai Banyu Tibo, Desa Widoro, Kecamatan Donorojo, Kabupaten Pacitan, Jawa Timur, Indonesia;Jawa Timur;Pacitan;Pantai Banyu Tibo, Kabupaten Pacitan, Jawa Timur;Pantai Banyu Tibo adalah pantai unik di Pacitan yang memiliki air terjun kecil langsung jatuh ke bibir pantai, berpadu dengan pasir dan tebing batu di sekitarnya.
pantai;Pantai Buyutan;Pantai Buyutan, Desa Widoro, Kecamatan Donorojo, Kabupaten Pacitan, Jawa Timur, Indonesia;Jawa Timur;Pacitan;Pantai Buyutan, Kabupaten Pacitan, Jawa Timur;Pantai Buyutan adalah pantai di Pacitan dengan pasir putih luas dan batu karang besar di laut yang sering disebut mirip miniatur Raja Ampat karena gugusan karangnya.
pantai;Pantai Srau;Pantai Srau, Desa Candi, Kecamatan Pringkuku, Kabupaten Pacitan, Jawa Timur, Indonesia;Jawa Timur;Pacitan;Pantai Srau, Kabupaten Pacitan, Jawa Timur;Pantai Srau adalah pantai di Pacitan dengan beberapa teluk kecil, ombak cukup besar, dan tebing karang, cocok untuk menikmati suasana pantai yang masih relatif sepi
wisata alam;Telaga Sarangan;Telaga Sarangan, Desa Sarangan, Kecamatan Plaosan, Kabupaten Magetan, Jawa Timur, Indonesia;Jawa Timur;Kabupaten Magetan;Telaga Sarangan, Kabupaten Magetan, Jawa Timur;Telaga Sarangan adalah telaga alami di lereng Gunung Lawu, Kabupaten Magetan, yang menjadi ikon wisata dengan pemandangan danau pegunungan, udara sejuk, serta fasilitas perahu wisata, berkuda, kuliner, dan penginapan di sekelilingnya.
wisata alam;Ekowisata Mangrove Wonorejo;Ekowisata Mangrove Wonorejo, Jl. Raya Wonorejo No.1, Wonorejo, Rungkut, Surabaya, Jawa Timur, Indonesia;Jawa Timur;Surabaya;Ekowisata Mangrove Wonorejo, Surabaya, Jawa Timur;Ekowisata Mangrove Wonorejo adalah kawasan konservasi mangrove di Surabaya Timur dengan jalur tracking kayu dan wisata perahu yang mengenalkan ekosistem mangrove di tepi laut.
wisata alam;Kebun Raya Mangrove Gunung Anyar;Kebun Raya Mangrove Gunung Anyar, Jl. Wisata Mangrove Gunung Anyar Tambak, Gunung Anyar, Surabaya, Jawa Timur, Indonesia;Jawa Timur;Surabaya;Kebun Raya Mangrove Gunung Anyar, Surabaya, Jawa Timur;Kebun Raya Mangrove Gunung Anyar adalah kawasan hijau di Surabaya Timur yang berisi hutan mangrove, jalur susur mangrove, dan area rekreasi keluarga di tepi laut.
taman;Taman Suroboyo;Taman Suroboyo, Jl. Pantai Kenjeran, Kenjeran, Bulak, Surabaya, Jawa Timur, Indonesia;Jawa Timur;Surabaya;Taman Suroboyo, Surabaya, Jawa Timur;Taman Suroboyo adalah taman kota besar di kawasan pantai Kenjeran dengan patung Suro dan Boyo raksasa, area bermain, dan jalur pejalan kaki di tepi laut.
taman;Taman Trunojoyo Malang;Taman Trunojoyo, Jl. Trunojoyo, Klojen, Kota Malang, Jawa Timur, Indonesia;Jawa Timur;Kota Malang;Taman Trunojoyo, Kota Malang, Jawa Timur;Taman Trunojoyo adalah taman kota di depan Stasiun Malang yang rindang dengan area bermain dan tempat duduk, sering dimanfaatkan warga untuk bersantai dan menunggu kereta.
wisata tematik;Florawisata San Terra de Lafonte;Florawisata San Terra de Lafonte, Jl. Trunojoyo, Jurangrejo, Pandesari, Kecamatan Pujon, Kabupaten Malang, Jawa Timur, Indonesia;Jawa Timur;Kabupaten Malang;Florawisata San Terra de Lafonte, Kabupaten Malang, Jawa Timur;Florawisata San Terra de Lafonte adalah taman bunga tematik di Pujon dengan ratusan jenis tanaman hias dan bangunan bergaya Eropa dan Korea yang menjadi spot foto populer.
wisata alam;Bukit Nirwana Pujon;Bukit Nirwana, Desa Pujon Kidul, Kecamatan Pujon, Kabupaten Malang, Jawa Timur, Indonesia;Jawa Timur;Kabupaten Malang;Bukit Nirwana Pujon, Kabupaten Malang, Jawa Timur;Bukit Nirwana Pujon adalah bukit wisata di Desa Pujon Kidul dengan gardu pandang, spot foto, dan area kuliner yang menyajikan pemandangan pegunungan dan sawah dari ketinggian.
pantai;Pantai Sendang Biru;Pantai Sendang Biru, Desa Tambakrejo, Kecamatan Sumbermanjing Wetan, Kabupaten Malang, Jawa Timur, Indonesia;Jawa Timur;Kabupaten Malang;Pantai Sendang Biru, Kabupaten Malang, Jawa Timur;Pantai Sendang Biru adalah pantai di Malang Selatan yang menjadi pintu menuju Pulau Sempu dan dikenal dengan air laut tenang, deretan perahu nelayan, dan pemandangan pulau di seberang.
pantai;Pantai Ngliyep;Pantai Ngliyep, Desa Kedungsalam, Kecamatan Donomulyo, Kabupaten Malang, Jawa Timur, Indonesia;Jawa Timur;Kabupaten Malang;Pantai Ngliyep, Kabupaten Malang, Jawa Timur;Pantai Ngliyep adalah pantai di Malang Selatan yang memiliki pasir putih, tebing karang, dan pulau kecil di lepas pantai, sering dijadikan lokasi menikmati sunset.
pantai;Pantai Batu Bengkung;Pantai Batu Bengkung, Desa Gajahrejo, Kecamatan Gedangan, Kabupaten Malang, Jawa Timur, Indonesia;Jawa Timur;Kabupaten Malang;Pantai Batu Bengkung, Kabupaten Malang, Jawa Timur;Pantai Batu Bengkung adalah pantai di Malang Selatan dengan tebing tinggi dan kolam-kolam alami yang terjebak di antara karang saat pasang, menawarkan pemandangan dramatis Samudra Hindia.
pantai;Pantai Sipelot;Pantai Sipelot, Desa Pujiharjo, Kecamatan Tirtoyudo, Kabupaten Malang, Jawa Timur, Indonesia;Jawa Timur;Kabupaten Malang;Pantai Sipelot, Kabupaten Malang, Jawa Timur;Pantai Sipelot adalah pantai teluk di Malang Selatan yang dikelilingi perbukitan hijau dengan air laut jernih dan air terjun Coban Sipelot di salah satu sisinya.
wisata alam;Pantai Utama Raya;Rest Area Utama Raya, Jl. Raya Pantura Situbondo–Probolinggo, Desa Curah Sowe, Kecamatan Banyuputih, Kabupaten Situbondo, Jawa Timur, Indonesia;Jawa Timur;Situbondo;Pantai dan Rest Area Utama Raya, Situbondo, Jawa Timur;Pantai Utama Raya adalah kawasan rest area di jalur pantura yang terhubung langsung dengan pantai, dilengkapi rumah makan, SPBU, musala, dan resort hotel sehingga sering menjadi tempat singgah sekaligus wisata tepi laut dekat kawasan PLTU Paiton.
agrowisata;Agrowisata Bhakti Alam;Agrowisata Bhakti Alam, Desa Ngembal, Kecamatan Tutur, Kabupaten Pasuruan, Jawa Timur, Indonesia;Jawa Timur;Pasuruan;Agrowisata Bhakti Alam Pasuruan, Jawa Timur;Agrowisata Bhakti Alam adalah kawasan wisata perkebunan di lereng pegunungan Pasuruan yang menawarkan kebun buah, wisata edukasi pertanian dan peternakan, beragam wahana permainan, spot foto tematik, pusat oleh-oleh, dan penginapan villa maupun barak.
wisata alam;Hutan Pinus Wonosalam;Hutan Pinus Wonosalam (Wisata Bukit Pinus), Desa Carangwulung, Kecamatan Wonosalam, Kabupaten Jombang, Jawa Timur, Indonesia;Jawa Timur;Jombang;Wisata Bukit Pinus Wonosalam, Kabupaten Jombang, Jawa Timur;Hutan Pinus Wonosalam atau Wisata Bukit Pinus adalah kawasan wisata alam berupa hutan pinus teratur di Wonosalam yang menawarkan pemandangan pegunungan hijau, udara sejuk, dan area santai di antara pepohonan.
museum;Museum Mpu Tantular;Museum Mpu Tantular, Jalan Raya Buduran–Jembatan Layang, Bedrek, Siwalanpanji, Kecamatan Buduran, Kabupaten Sidoarjo, Jawa Timur, Indonesia;Jawa Timur;Sidoarjo;Museum Negeri Provinsi Jawa Timur Mpu Tantular, Sidoarjo;Museum Mpu Tantular adalah museum negeri Provinsi Jawa Timur yang menyimpan lebih dari 15.000 koleksi geologi, biologi, etnografi, sejarah, seni, dan teknologi yang merekam perjalanan sejarah dan budaya Jawa Timur dari prasejarah sampai era modern
museum;Museum Surabaya (Siola);Museum Surabaya, Gedung Ex-Siola, Jl. Tunjungan No.1, Genteng, Kecamatan Genteng, Kota Surabaya, Jawa Timur, Indonesia;Jawa Timur;Surabaya;Museum Surabaya di Gedung Siola, Kota Surabaya, Jawa Timur;Museum Surabaya atau Museum Siola adalah museum kota yang menempati gedung bersejarah eks-Siola di ujung Jalan Tunjungan dan menyimpan koleksi foto, dokumen, dan benda-benda yang merekam perjalanan sejarah Kota Surabaya dari masa kolonial hingga modern
museum;Museum Sepuluh Nopember;Museum Sepuluh Nopember, Komplek Tugu Pahlawan, Jl. Pahlawan, Alun-alun Contong, Kecamatan Bubutan, Kota Surabaya, Jawa Timur, Indonesia;Jawa Timur;Surabaya;Museum Sepuluh Nopember Tugu Pahlawan, Surabaya;Museum Sepuluh Nopember berada di kompleks Tugu Pahlawan dan menampilkan diorama, foto, arsip, serta rekaman suara Bung Tomo yang menceritakan pertempuran 10 November 1945 dan peran Surabaya sebagai kota pahlawan.
museum;Museum Pendidikan Surabaya;Museum Pendidikan Surabaya, Jl. Genteng Kali No.10, Genteng, Kecamatan Genteng, Kota Surabaya, Jawa Timur, Indonesia;Jawa Timur;Surabaya;Museum Pendidikan Kota Surabaya, Jawa Timur;Museum Pendidikan Surabaya adalah museum tematik yang mendokumentasikan sejarah pendidikan di Indonesia dari masa praaksara, klasik, kolonial, hingga kemerdekaan melalui koleksi alat belajar, foto, dan arsip pendidikan.
museum;Museum H.O.S. Tjokroaminoto;Museum H.O.S. Tjokroaminoto, Jl. Peneleh Gang VII No.29–31, Peneleh, Kecamatan Genteng, Kota Surabaya, Jawa Timur, Indonesia;Jawa Timur;Surabaya;Museum Rumah H.O.S. Tjokroaminoto, Surabaya;Museum H.O.S. Tjokroaminoto adalah rumah bersejarah di kawasan Peneleh yang dijadikan museum untuk mengenang tokoh pergerakan H.O.S. Tjokroaminoto, lengkap dengan dokumentasi aktivitas beliau dan kamar kos tokoh-tokoh pergerakan muda pada masanya.
museum;Museum Pusat TNI AL Jalesveva Jayamahe (Muspusal);Museum Pusat TNI AL Jalesveva Jayamahe, Jl. Raya Hang Tuah No.1, Ujung, Kecamatan Semampir, Kota Surabaya, Jawa Timur, Indonesia;Jawa Timur;Surabaya;Museum Pusat TNI Angkatan Laut Jalesveva Jayamahe, Surabaya;Museum Pusat TNI AL Jalesveva Jayamahe (Muspusal) adalah museum pintar seluas sekitar 3,2 hektare yang berada dekat Markas Komando Armada II dan Lantamal V, menempati bangunan heritage dan hanggar dengan koleksi ratusan senjata, seragam, pesawat, hingga replika KRI Raden Eddy Martadinata, dilengkapi ruang teater dan instalasi multimedia untuk menceritakan sejarah maritim dan operasi TNI Angkatan Laut.
cagar alam;Pulau Sempu;Pulau Sempu, Desa Tambakrejo, Kecamatan Sumbermanjing Wetan, Kabupaten Malang, Jawa Timur, Indonesia;Jawa Timur;Kabupaten Malang;Cagar Alam Pulau Sempu, Malang, Jawa Timur;Pulau Sempu adalah cagar alam di selatan Malang yang terkenal dengan laguna Segara Anakan, dikelilingi tebing karst dan pantai pasir putih, diakses dengan perahu dari Sendang Biru dan jalur trekking dalam kawasan konservasi.
pantai;Pantai Papuma;Pantai Papuma, Desa Lojejer, Kecamatan Wuluhan, Kabupaten Jember, Jawa Timur, Indonesia;Jawa Timur;Jember;Pantai Tanjung Papuma, Jember, Jawa Timur;Pantai Papuma adalah pantai berteluk dengan pasir putih dan deretan batu karang besar di lepas pantai, terkenal sebagai spot sunrise dengan jalur naik ke bukit pandang.
pantai;Pantai Kasap;Pantai Kasap, Desa Watukarung, Kecamatan Pringkuku, Kabupaten Pacitan, Jawa Timur, Indonesia;Jawa Timur;Kabupaten Pacitan;Pantai Kasap Pacitan, Jawa Timur;Pantai Kasap adalah pantai berpasir putih Pacitan dengan bukit pandang yang sering dijuluki Raja Ampat-nya Jawa karena gugusan pulau karang kecil di depannya.
pantai;Pantai Sine;Pantai Sine, Desa Kalibatur, Kecamatan Kalidawir, Kabupaten Tulungagung, Jawa Timur, Indonesia;Jawa Timur;Kabupaten Tulungagung;Pantai Sine Tulungagung, Jawa Timur;Pantai Sine adalah pantai berpasir hitam dengan ombak cukup besar yang dikelilingi perbukitan hijau dan area nelayan, juga dikenal dengan tradisi larung sesaji tertentu.
pantai;Pantai Peh Pulo;Pantai Peh Pulo, Desa Sumbersih, Kecamatan Panggungrejo, Kabupaten Blitar, Jawa Timur, Indonesia;Jawa Timur;Kabupaten Blitar;Pantai Peh Pulo Blitar, Jawa Timur;Pantai Peh Pulo adalah pantai tersembunyi di Blitar selatan dengan gugusan pulau karang kecil, air berwarna biru toska, dan suasana relatif sepi wisatawan.
air terjun;Air Terjun Madakaripura;Air Terjun Madakaripura, Desa Sapih, Kecamatan Lumbang, Kabupaten Probolinggo, Jawa Timur, Indonesia;Jawa Timur;Kabupaten Probolinggo;Air Terjun Madakaripura, Probolinggo, Jawa Timur;Air Terjun Madakaripura adalah air terjun setinggi sekitar 200 meter di kawasan Taman Nasional Bromo Tengger Semeru yang dikelilingi tebing silinder dan sering dikaitkan sebagai tempat bertapa Mahapatih Gajah Mada.
air terjun;Air Terjun Blawan;Air Terjun Blawan, Desa Kalianyar, Kecamatan Ijen, Kabupaten Bondowoso, Jawa Timur, Indonesia;Jawa Timur;Kabupaten Bondowoso;Air Terjun Blawan, Bondowoso, Jawa Timur;Air Terjun Blawan adalah air terjun bertingkat yang dialiri air belerang dari kawasan Ijen, jatuh ke dalam cerukan sempit dengan tebing batu kapur yang tinggi.
wisata alam;Teluk Love;Teluk Love, Desa Sumberrejo, Kecamatan Ambulu, Kabupaten Jember, Jawa Timur, Indonesia;Jawa Timur;Kabupaten Jember;Teluk Love, Jember, Jawa Timur;Teluk Love adalah teluk dengan garis pantai yang dari atas bukit tampak membentuk huruf hati, menghadap Samudra Hindia dan sering dijadikan spot sunrise maupun sunset.
taman;Taman Apsari;Taman Apsari, Jl. Gubernur Suryo, Embong Kaliasin, Kecamatan Genteng, Kota Surabaya, Jawa Timur, Indonesia;Jawa Timur;Surabaya;Taman Apsari, Kota Surabaya, Jawa Timur;Taman Apsari adalah taman kota di depan Gedung Negara Grahadi dengan monumen Gubernur Suryo dan area hijau di tengah kawasan perkantoran dan niaga pusat kota.
wisata edukasi;Kampung Coklat;Kampung Coklat, Jl. Banteng Blorok No.18, Desa Plosorejo, Kecamatan Kademangan, Kabupaten Blitar, Jawa Timur, Indonesia;Jawa Timur;Kabupaten Blitar;Wisata Edukasi Kampung Coklat Blitar, Jawa Timur;Kampung Coklat adalah wisata edukasi keluarga berbasis perkebunan kakao di Blitar yang menggabungkan kebun kakao, tur proses pengolahan cokelat, area kuliner, aneka produk olahan cokelat, serta berbagai wahana permainan dan spot foto untuk anak maupun dewasa.
pantai;Pantai Watu Ulo;Desa Sumberejo;Jawa Timur;Jember;Pantai Watu Ulo Jember;Pantai Watu Ulo merupakan pantai di Jember yang terkenal dengan formasi batu karang panjang menyerupai ular. Pantai ini menawarkan pemandangan laut selatan yang indah serta sering dikunjungi wisatawan untuk menikmati panorama alam.
air terjun;Air Terjun Grenjengan Sewu;Desa Ngliman, Kecamatan Sawahan, Kabupaten Nganjuk, Jawa Timur, Indonesia;Jawa Timur;Nganjuk;Air Terjun Grenjengan Sewu Nganjuk;Air Terjun Grenjengan Sewu merupakan air terjun yang berada di kawasan pegunungan Wilis. Tempat ini menawarkan suasana alam yang sejuk dengan pemandangan air terjun yang mengalir di antara pepohonan hijau.
air terjun;Air Terjun Watu Ondo;Desa Pacet, Kecamatan Pacet, Kabupaten Mojokerto, Jawa Timur, Indonesia;Jawa Timur;Mojokerto;Air Terjun Watu Ondo Mojokerto;Air Terjun Watu Ondo adalah destinasi wisata alam di kawasan Pacet yang menawarkan pemandangan air terjun dengan aliran air yang jernih dan udara pegunungan yang sejuk.
pantai;Pantai Mustika;Desa Sumberagung, Kecamatan Pesanggaran, Kabupaten Banyuwangi, Jawa Timur, Indonesia;Jawa Timur;Banyuwangi;Pantai Mustika Banyuwangi;Pantai Mustika merupakan pantai di Banyuwangi yang terkenal dengan pasir putih dan ombak khas laut selatan. Tempat ini sering dikunjungi wisatawan untuk menikmati pemandangan pantai yang alami.
pantai;Pantai Prigi;Desa Tasikmadu, Kecamatan Watulimo, Kabupaten Trenggalek, Jawa Timur, Indonesia;Jawa Timur;Trenggalek;Pantai Prigi Trenggalek;Pantai Prigi merupakan salah satu pantai terkenal di Trenggalek yang memiliki teluk luas dengan panorama laut yang indah. Tempat ini juga menjadi pusat aktivitas nelayan setempat.
pantai;Pantai Karang Bolong Pacitan;Desa Sendang, Kecamatan Donorojo, Kabupaten Pacitan, Jawa Timur, Indonesia;Jawa Timur;Pacitan;Pantai Karang Bolong Pacitan;Pantai Karang Bolong memiliki formasi batu karang berlubang yang menjadi daya tarik utama. Pemandangan laut dan tebing karang menjadikan tempat ini menarik untuk dikunjungi wisatawan.
danau;Ranu Bedali;Desa Ranupani, Kecamatan Pronojiwo, Kabupaten Lumajang, Jawa Timur, Indonesia;Jawa Timur;Lumajang;Ranu Bedali Lumajang;Ranu Bedali merupakan danau alami yang berada di kawasan kaki Gunung Semeru. Danau ini menawarkan pemandangan air yang tenang dengan latar belakang perbukitan hijau.
waduk;Waduk Gondang;Desa Gondang, Kecamatan Gondang, Kabupaten Lamongan, Jawa Timur, Indonesia;Jawa Timur;Lamongan;Waduk Gondang Lamongan;Waduk Gondang merupakan bendungan yang berfungsi sebagai irigasi sekaligus objek wisata. Pengunjung dapat menikmati pemandangan perairan luas dengan latar belakang perbukitan.
wisata alam;Bukit Jamur;Desa Bungah, Kecamatan Bungah, Kabupaten Gresik, Jawa Timur, Indonesia;Jawa Timur;Gresik;Bukit Jamur Gresik;Bukit Jamur merupakan kawasan bekas tambang kapur yang memiliki formasi batu unik menyerupai jamur. Tempat ini sering dijadikan lokasi fotografi oleh wisatawan.
wisata alam;Bukit Mondoleko;Desa Sidomulyo, Kecamatan Selorejo, Kabupaten Blitar, Jawa Timur, Indonesia;Jawa Timur;Blitar;Bukit Mondoleko Blitar;Bukit Mondoleko menawarkan panorama alam dari ketinggian dengan pemandangan perbukitan hijau dan suasana yang tenang. Tempat ini cocok untuk menikmati pemandangan matahari terbit maupun terbenam.
religi;Makam Sunan Drajat;Desa Drajat, Kecamatan Paciran, Kabupaten Lamongan, Jawa Timur, Indonesia;Jawa Timur;Lamongan;Makam Sunan Drajat Lamongan;Makam Sunan Drajat merupakan salah satu situs ziarah Wali Songo yang sering dikunjungi oleh peziarah dari berbagai daerah di Indonesia.
candi;Candi Kidal;Desa Rejokidal, Kecamatan Tumpang, Kabupaten Malang, Jawa Timur, Indonesia;Jawa Timur;Malang;Candi Kidal Malang;Candi Kidal merupakan peninggalan Kerajaan Singhasari yang dibangun untuk menghormati Raja Anusapati. Candi ini memiliki relief yang menggambarkan kisah Garudeya.
candi;Candi Jawi;Desa Candiwates, Kecamatan Prigen, Kabupaten Pasuruan, Jawa Timur, Indonesia;Jawa Timur;Pasuruan;Candi Jawi Pasuruan;Candi Jawi adalah candi peninggalan Kerajaan Singhasari yang memiliki arsitektur unik dengan perpaduan gaya Hindu dan Buddha.
taman wisata;Taman Wisata Selecta;Desa Tulungrejo, Kecamatan Bumiaji, Kota Batu, Jawa Timur, Indonesia;Jawa Timur;Kota Batu;Taman Wisata Selecta Batu;Taman Wisata Selecta merupakan taman rekreasi yang menawarkan taman bunga, kolam renang, dan pemandangan pegunungan yang indah di Kota Batu.
wisata kota;Alun-Alun Kota Batu;Kelurahan Sisir, Kecamatan Batu, Kota Batu, Jawa Timur, Indonesia;Jawa Timur;Kota Batu;Alun Alun Kota Batu;Alun-Alun Kota Batu merupakan ruang publik yang populer dengan bianglala besar dan berbagai fasilitas rekreasi keluarga. Tempat ini sering menjadi tujuan wisata malam di Kota Batu.
air terjun;Air Terjun Coban Baung;Desa Cowek, Kecamatan Purwodadi, Kabupaten Pasuruan, Jawa Timur, Indonesia;Jawa Timur;Pasuruan;Air Terjun Coban Baung Pasuruan;Air Terjun Coban Baung merupakan air terjun yang berada di kawasan hutan lindung Pasuruan dengan suasana alam yang sejuk dan pemandangan yang masih alami.
air terjun;Air Terjun Coban Jahe;Desa Pandansari Lor, Kecamatan Jabung, Kabupaten Malang, Jawa Timur, Indonesia;Jawa Timur;Malang;Air Terjun Coban Jahe Malang;Air Terjun Coban Jahe menawarkan panorama alam yang indah dengan aliran air yang jernih serta area hutan pinus yang asri di sekitarnya.
air terjun;Air Terjun Coban Pelangi;Desa Gubugklakah, Kecamatan Poncokusumo, Kabupaten Malang, Jawa Timur, Indonesia;Jawa Timur;Malang;Air Terjun Coban Pelangi Malang;Air Terjun Coban Pelangi terkenal dengan fenomena pelangi yang sering muncul di sekitar air terjun ketika terkena sinar matahari.
pantai;Pantai Tamban;Desa Tambakrejo, Kecamatan Sumbermanjing Wetan, Kabupaten Malang, Jawa Timur, Indonesia;Jawa Timur;Malang;Pantai Tamban Malang;Pantai Tamban merupakan pantai di Malang Selatan yang memiliki pasir putih serta perairan yang cukup tenang sehingga cocok untuk wisata keluarga.
pantai;Pantai Bantol;Desa Banjarejo, Kecamatan Donomulyo, Kabupaten Malang, Jawa Timur, Indonesia;Jawa Timur;Malang;Pantai Bantol Malang;Pantai Bantol menawarkan panorama pantai yang masih alami dengan pemandangan laut luas dan suasana yang tenang.
pantai;Pantai Watu Leter;Desa Sitiarjo, Kecamatan Sumbermanjing Wetan, Kabupaten Malang, Jawa Timur, Indonesia;Jawa Timur;Malang;Pantai Watu Leter Malang;Pantai Watu Leter dikenal sebagai kawasan konservasi penyu dan memiliki pemandangan pantai yang indah dengan deretan pohon cemara laut.
pantai;Pantai Damas;Desa Karanggandu, Kecamatan Watulimo, Kabupaten Trenggalek, Jawa Timur, Indonesia;Jawa Timur;Trenggalek;Pantai Damas Trenggalek;Pantai Damas merupakan pantai yang memiliki panorama laut yang luas dan sering dimanfaatkan untuk kegiatan wisata alam dan berkemah.
danau;Telaga Ngebel;Desa Ngebel, Kecamatan Ngebel, Kabupaten Ponorogo, Jawa Timur, Indonesia;Jawa Timur;Ponorogo;Telaga Ngebel Ponorogo;Telaga Ngebel adalah danau alami di lereng Gunung Wilis yang terkenal dengan pemandangan alam serta udara yang sejuk.
waduk;Waduk Karangkates;Desa Karangkates, Kecamatan Sumberpucung, Kabupaten Malang, Jawa Timur, Indonesia;Jawa Timur;Malang;Waduk Karangkates Malang;Waduk Karangkates merupakan bendungan besar yang memiliki panorama perairan luas dan sering dijadikan tempat rekreasi serta memancing.
waduk;Waduk Lahor;Desa Karangkates, Kecamatan Sumberpucung, Kabupaten Malang, Jawa Timur, Indonesia;Jawa Timur;Malang;Waduk Lahor Malang;Waduk Lahor berada tidak jauh dari Waduk Karangkates dan menawarkan pemandangan alam yang indah serta udara yang sejuk.
wisata alam;Bukit Kapur Arosbaya;Desa Arosbaya, Kecamatan Arosbaya, Kabupaten Bangkalan, Jawa Timur, Indonesia;Jawa Timur;Bangkalan;Bukit Kapur Arosbaya Bangkalan;Bukit Kapur Arosbaya merupakan kawasan bekas tambang kapur dengan formasi batu yang unik dan berwarna kemerahan.
wisata alam;Bukit Cinta Bayeman;Desa Bayeman, Kecamatan Arjasa, Kabupaten Situbondo, Jawa Timur, Indonesia;Jawa Timur;Situbondo;Bukit Cinta Bayeman Situbondo;Bukit Cinta Bayeman menawarkan panorama alam dari ketinggian dengan pemandangan laut dan perbukitan yang indah.
pulau;Pulau Gili Labak;Desa Kombang, Kecamatan Talango, Kabupaten Sumenep, Jawa Timur, Indonesia;Jawa Timur;Sumenep;Pulau Gili Labak Sumenep;Pulau Gili Labak merupakan pulau kecil dengan pasir putih dan air laut yang jernih sehingga populer untuk snorkeling.
pulau;Pulau Gili Iyang;Desa Banraas, Kecamatan Dungkek, Kabupaten Sumenep, Jawa Timur, Indonesia;Jawa Timur;Sumenep;Pulau Gili Iyang Sumenep;Pulau Gili Iyang dikenal memiliki kadar oksigen tinggi dan suasana alam yang tenang.
religi;Makam Sunan Giri;Desa Giri, Kecamatan Kebomas, Kabupaten Gresik, Jawa Timur, Indonesia;Jawa Timur;Gresik;Makam Sunan Giri Gresik;Makam Sunan Giri merupakan salah satu tempat ziarah Wali Songo yang banyak dikunjungi peziarah dari berbagai daerah.
religi;Makam Sunan Bonang;Kelurahan Kutorejo, Kecamatan Tuban, Kabupaten Tuban, Jawa Timur, Indonesia;Jawa Timur;Tuban;Makam Sunan Bonang Tuban;Makam Sunan Bonang merupakan situs ziarah penting yang berkaitan dengan sejarah penyebaran Islam di Jawa.
museum;Museum Majapahit;Desa Sentonorejo, Kecamatan Trowulan, Kabupaten Mojokerto, Jawa Timur, Indonesia;Jawa Timur;Mojokerto;Museum Majapahit Mojokerto;Museum Majapahit menyimpan berbagai koleksi artefak peninggalan Kerajaan Majapahit yang ditemukan di kawasan Trowulan.
taman hiburan;Hawai Waterpark;Desa Karanglo, Kecamatan Singosari, Kabupaten Malang, Jawa Timur, Indonesia;Jawa Timur;Malang;Hawai Waterpark Malang;Hawai Waterpark merupakan taman rekreasi air yang menawarkan berbagai wahana permainan air yang cocok untuk keluarga.
taman hiburan;Predator Fun Park;Desa Tlekung, Kecamatan Junrejo, Kota Batu, Jawa Timur, Indonesia;Jawa Timur;Kota Batu;Predator Fun Park Batu;Predator Fun Park adalah taman wisata edukasi yang menampilkan berbagai jenis reptil dan wahana hiburan keluarga.
wisata kota;Taman Bungkul;Kelurahan Darmo, Kecamatan Wonokromo, Kota Surabaya, Jawa Timur, Indonesia;Jawa Timur;Surabaya;Taman Bungkul Surabaya;Taman Bungkul merupakan taman kota populer di Surabaya yang sering digunakan masyarakat untuk rekreasi dan bersantai.
wisata kota;House of Sampoerna;Kelurahan Krembangan Utara, Kecamatan Pabean Cantikan, Kota Surabaya, Jawa Timur, Indonesia;Jawa Timur;Surabaya;House of Sampoerna Surabaya;House of Sampoerna merupakan museum yang menampilkan sejarah industri rokok kretek di Indonesia serta bangunan bergaya kolonial.
wisata kota;Monumen Kapal Selam;Kelurahan Embong Kaliasin, Kecamatan Genteng, Kota Surabaya, Jawa Timur, Indonesia;Jawa Timur;Surabaya;Monumen Kapal Selam Surabaya;Monumen Kapal Selam adalah museum yang menampilkan kapal selam asli milik TNI AL sebagai sarana edukasi sejarah maritim.
wisata sejarah;Benteng Van den Bosch;Desa Pelem, Kecamatan Ngawi, Kabupaten Ngawi, Jawa Timur, Indonesia;Jawa Timur;Ngawi;Benteng Van den Bosch Ngawi;Benteng Van den Bosch merupakan peninggalan kolonial Belanda yang dikenal dengan sebutan Benteng Pendem dan menjadi objek wisata sejarah.
wisata sejarah;Istana Gebang;Kelurahan Bendogerit, Kecamatan Sananwetan, Kota Blitar, Jawa Timur, Indonesia;Jawa Timur;Kota Blitar;Istana Gebang Blitar;Istana Gebang merupakan rumah masa kecil Presiden Soekarno yang kini dijadikan museum sejarah.
wisata kota;Alun-Alun Kota Malang;Kelurahan Kiduldalem, Kecamatan Klojen, Kota Malang, Jawa Timur, Indonesia;Jawa Timur;Kota Malang;Alun Alun Kota Malang;Alun-Alun Kota Malang merupakan ruang publik yang populer untuk rekreasi masyarakat dengan taman hijau yang luas.
wisata kota;Kampung Biru Arema;Kelurahan Kiduldalem, Kecamatan Klojen, Kota Malang, Jawa Timur, Indonesia;Jawa Timur;Kota Malang;Kampung Biru Arema Malang;Kampung Biru Arema merupakan kawasan wisata tematik dengan bangunan yang dicat biru sebagai identitas klub sepak bola Arema.
wisata kota;Jembatan Suramadu;Kelurahan Kenjeran, Kecamatan Bulak, Kota Surabaya, Jawa Timur, Indonesia;Jawa Timur;Surabaya;Jembatan Suramadu Surabaya;Jembatan Suramadu merupakan jembatan terpanjang di Indonesia yang menghubungkan Pulau Jawa dengan Pulau Madura dan sering menjadi objek wisata.
agrowisata;Agrowisata Belimbing Karangsari;Kelurahan Karangsari, Kecamatan Sukorejo, Kota Blitar, Jawa Timur, Indonesia;Jawa Timur;Kota Blitar;Agrowisata Belimbing Karangsari Blitar;Agrowisata Belimbing Karangsari menawarkan pengalaman wisata petik buah belimbing langsung dari kebunnya.
agrowisata;Kebun Raya Purwodadi;Desa Purwodadi, Kecamatan Purwodadi, Kabupaten Pasuruan, Jawa Timur, Indonesia;Jawa Timur;Pasuruan;Kebun Raya Purwodadi Pasuruan;Kebun Raya Purwodadi merupakan kebun botani yang memiliki koleksi berbagai tanaman tropis dan sering digunakan sebagai tempat wisata edukasi.
taman wisata;Taman Safari Prigen;Desa Jatiarjo, Kecamatan Prigen, Kabupaten Pasuruan, Jawa Timur, Indonesia;Jawa Timur;Pasuruan;Taman Safari Prigen Pasuruan;Taman Safari Prigen merupakan taman konservasi satwa dengan konsep safari dimana pengunjung dapat melihat hewan secara langsung dari kendaraan.
